ticker,company_name,exchange,sector,is_financial,is_constituent,market_cap,market_cap_source,last_price,shares_outstanding,latest_sec_filing_type,latest_sec_filing_date,market_data_date,sec_data_date,eligibility_status,exclusion_reason,data_source,collected_at
AAL,American Airlines Group Inc. Common Stock,NASDAQ,Consumer Discretionary,false,False,10363905097.0,provided,15.67,,10-Q,2026-04-23,2026-07-15,2026-07-15,unknown,,primary|sec_edgar,2026-07-15T01:56:41.354006+00:00
AAOI,Applied Optoelectronics Inc. Common Stock,NASDAQ,Technology,false,False,10066455120.0,provided,125.45,,10-Q,2026-05-07,2026-07-15,2026-07-15,unknown,,primary|sec_edgar,2026-07-15T01:56:41.354006+00:00
AAON,AAON Inc. Common Stock,NASDAQ,Industrials,false,False,9250289410.0,provided,112.93,,10-Q,2026-05-07,2026-07-15,2026-07-15,unknown,,primary|sec_edgar,2026-07-15T01:56:41.354006+00:00
AAPL,Apple Inc. Common Stock,NASDAQ,Technology,false,True,4624460910160.0,provided,314.86,,10-Q,2026-05-01,2026-07-15,2026-07-15,unknown,,primary|sec_edgar,2026-07-15T01:56:41.354006+00:00
ABNB,Airbnb Inc. Class A Common Stock,NASDAQ,Consumer Discretionary,false,True,88320379416.0,provided,146.54,,10-Q,2026-05-07,2026-07-15,2026-07-15,unknown,,primary|sec_edgar,2026-07-15T01:56:41.354006+00:00
ABVX,Abivax SA American Depositary Shares,NASDAQ,Health Care,false,False,11615013717.0,provided,134.91,,,,2026-07-15,2026-07-15,unknown,,primary|sec_edgar,2026-07-15T01:56:41.354006+00:00
ACGL,Arch Capital Group Ltd. Common Stock,NASDAQ,Finance,true,False,35473524870.0,provided,101.53,,10-Q,2026-05-05,2026-07-15,2026-07-15,unknown,,primary|sec_edgar,2026-07-15T01:56:41.354006+00:00
ACGLN,Arch Capital Group Ltd. Depositary Shares each Representing a 1/1000th Interest in a 4.550% Non-Cumulative Preferred Share Series G,NASDAQ,Finance,true,False,5639147950.0,provided,16.14,,10-Q,2026-05-05,2026-07-15,2026-07-15,unknown,,primary|sec_edgar,2026-07-15T01:56:41.354006+00:00
ACGLO,Arch Capital Group Ltd. Depositary Shares Each Representing 1/1000th Interest in a Share of 5.45% Non-Cumulative Preferred Shares Series F,NASDAQ,Finance,true,False,6743219048.0,provided,19.3,,10-Q,2026-05-05,2026-07-15,2026-07-15,unknown,,primary|sec_edgar,2026-07-15T01:56:41.354006+00:00
ACIW,ACI Worldwide Inc. Common Stock,NASDAQ,Technology,false,False,5602569123.0,provided,55.11,,10-Q,2026-05-07,2026-07-15,2026-07-15,unknown,,primary|sec_edgar,2026-07-15T01:56:41.354006+00:00
ACMR,ACM Research Inc. Class A Common Stock,NASDAQ,Technology,false,False,6549308716.0,provided,98.895,,10-Q,2026-05-08,2026-07-15,2026-07-15,unknown,,primary|sec_edgar,2026-07-15T01:56:41.354006+00:00
ACT,Enact Holdings Inc. Common Stock,NASDAQ,Finance,true,False,6372774009.0,provided,45.65,,10-Q,2026-05-06,2026-07-15,2026-07-15,unknown,,primary|sec_edgar,2026-07-15T01:56:41.354006+00:00
ADBE,Adobe Inc. Common Stock,NASDAQ,Technology,false,True,87760050000.0,provided,220.78,,10-Q,2026-06-15,2026-07-15,2026-07-15,unknown,,primary|sec_edgar,2026-07-15T01:56:41.354006+00:00
ADI,Analog Devices Inc. Common Stock,NASDAQ,Technology,false,True,191303434960.0,provided,392.75,,10-Q,2026-05-20,2026-07-15,2026-07-15,unknown,,primary|sec_edgar,2026-07-15T01:56:41.354006+00:00
ADP,Automatic Data Processing Inc. Common Stock,NASDAQ,Industrials,false,True,99227677064.0,provided,246.44,,10-Q,2026-04-30,2026-07-15,2026-07-15,unknown,,primary|sec_edgar,2026-07-15T01:56:41.354006+00:00
ADSK,Autodesk Inc. Common Stock,NASDAQ,Technology,false,True,43449120000.0,provided,205.92,,10-Q,2026-05-29,2026-07-15,2026-07-15,unknown,,primary|sec_edgar,2026-07-15T01:56:41.354006+00:00
AEIS,Advanced Energy Industries Inc. Common Stock,NASDAQ,Technology,false,False,11606956516.0,provided,305.2,,10-Q,2026-05-04,2026-07-15,2026-07-15,unknown,,primary|sec_edgar,2026-07-15T01:56:41.354006+00:00
AEP,American Electric Power Company Inc. Common Stock,NASDAQ,Utilities,false,True,73421533018.0,provided,134.94,,10-Q,2026-05-05,2026-07-15,2026-07-15,unknown,,primary|sec_edgar,2026-07-15T01:56:41.354006+00:00
AFRM,Affirm Holdings Inc. Class A Common Stock,NASDAQ,Finance,true,False,28282183814.0,provided,84.45,,10-Q,2026-05-07,2026-07-15,2026-07-15,unknown,,primary|sec_edgar,2026-07-15T01:56:41.354006+00:00
AGNC,AGNC Investment Corp. Common Stock,NASDAQ,Real Estate,false,False,12833849261.0,provided,11.18,,10-Q,2026-05-04,2026-07-15,2026-07-15,unknown,,primary|sec_edgar,2026-07-15T01:56:41.354006+00:00
AGNCL,AGNC Investment Corp. Depositary Shares Each Representing a 1/1000th Interest in a Share of 7.75% Series G Fixed-Rate Reset Cumulative Redeemable Preferred Stock,NASDAQ,Real Estate,false,False,28526042409.0,provided,24.85,,10-Q,2026-05-04,2026-07-15,2026-07-15,unknown,,primary|sec_edgar,2026-07-15T01:56:41.354006+00:00
AGNCM,AGNC Investment Corp. Depositary Shares rep 6.875% Series D Fixed-to-Floating Cumulative Redeemable Preferred Stock,NASDAQ,Real Estate,false,False,28835983313.0,provided,25.12,,10-Q,2026-05-04,2026-07-15,2026-07-15,unknown,,primary|sec_edgar,2026-07-15T01:56:41.354006+00:00
AGNCN,AGNC Investment Corp. Depositary Shares Each Representing a 1/1000th Interest in a Share of 7.00% Series C Fixed-To-Floating Rate Cumulative Redeemable Preferred Stock,NASDAQ,Real Estate,false,False,29249237851.0,provided,25.48,,10-Q,2026-05-04,2026-07-15,2026-07-15,unknown,,primary|sec_edgar,2026-07-15T01:56:41.354006+00:00
AGNCO,AGNC Investment Corp. Depositary Shares each representing a 1/1000th interest in a share of 6.50% Series E Fixed-to-Floating Cumulative Redeemable Preferred Stock,NASDAQ,Real Estate,false,False,29094267399.0,provided,25.345,,10-Q,2026-05-04,2026-07-15,2026-07-15,unknown,,primary|sec_edgar,2026-07-15T01:56:41.354006+00:00
AGNCP,AGNC Investment Corp. Depositary Shares Each Representing a 1/1000th Interest in a Share of 6.125% Series F Fixed-to-Floating Rate Cumulative Redeemable Preferred Stock,NASDAQ,Real Estate,false,False,28778586849.0,provided,25.07,,10-Q,2026-05-04,2026-07-15,2026-07-15,unknown,,primary|sec_edgar,2026-07-15T01:56:41.354006+00:00
AGNCZ,AGNC Investment Corp. Depositary Shares Each Representing a 1/1000th Interest in a Share of 8.75% Series H Fixed-Rate Cumulative Redeemable Preferred Stock,NASDAQ,Real Estate,false,False,28950776240.0,provided,25.22,,10-Q,2026-05-04,2026-07-15,2026-07-15,unknown,,primary|sec_edgar,2026-07-15T01:56:41.354006+00:00
AKAM,Akamai Technologies Inc. Common Stock,NASDAQ,Consumer Discretionary,false,False,18334559226.0,provided,126.11,,10-Q,2026-05-08,2026-07-15,2026-07-15,unknown,,primary|sec_edgar,2026-07-15T01:56:41.354006+00:00
ALAB,Astera Labs Inc. Common Stock,NASDAQ,Technology,false,True,62011964171.0,provided,361.78,,10-Q,2026-05-06,2026-07-15,2026-07-15,unknown,,primary|sec_edgar,2026-07-15T01:56:41.354006+00:00
ALGM,Allegro MicroSystems Inc. Common Stock,NASDAQ,Technology,false,False,9747690228.0,provided,52.32,,10-K,2026-05-21,2026-07-15,2026-07-15,unknown,,primary|sec_edgar,2026-07-15T01:56:41.354006+00:00
ALGN,Align Technology Inc. Common Stock,NASDAQ,Health Care,false,False,12780970944.0,provided,178.46,,10-Q,2026-05-06,2026-07-15,2026-07-15,unknown,,primary|sec_edgar,2026-07-15T01:56:41.354006+00:00
ALKS,Alkermes plc Ordinary Shares,NASDAQ,Health Care,false,False,8600471641.0,provided,51.6,,10-Q,2026-05-05,2026-07-15,2026-07-15,unknown,,primary|sec_edgar,2026-07-15T01:56:41.354006+00:00
ALNY,Alnylam Pharmaceuticals Inc. Common Stock,NASDAQ,Health Care,false,True,37551746282.0,provided,281.26,,10-Q,2026-04-30,2026-07-15,2026-07-15,unknown,,primary|sec_edgar,2026-07-15T01:56:41.354006+00:00
AMAT,Applied Materials Inc. Common Stock,NASDAQ,Technology,false,True,472961632451.0,provided,595.7,,10-Q,2026-05-21,2026-07-15,2026-07-15,unknown,,primary|sec_edgar,2026-07-15T01:56:41.354006+00:00
AMD,Advanced Micro Devices Inc. Common Stock,NASDAQ,Technology,false,True,893781128255.0,provided,548.13,,10-Q,2026-05-06,2026-07-15,2026-07-15,unknown,,primary|sec_edgar,2026-07-15T01:56:41.354006+00:00
AMGN,Amgen Inc. Common Stock,NASDAQ,Health Care,false,True,191731364339.0,provided,355.25,,10-Q,2026-05-01,2026-07-15,2026-07-15,unknown,,primary|sec_edgar,2026-07-15T01:56:41.354006+00:00
AMKR,Amkor Technology Inc. Common Stock,NASDAQ,Technology,false,False,17400650764.0,provided,70.2,,10-Q,2026-04-28,2026-07-15,2026-07-15,unknown,,primary|sec_edgar,2026-07-15T01:56:41.354006+00:00
AMZN,Amazon.com Inc. Common Stock,NASDAQ,Consumer Discretionary,false,True,2662277014316.0,provided,247.49,,10-Q,2026-04-30,2026-07-15,2026-07-15,unknown,,primary|sec_edgar,2026-07-15T01:56:41.354006+00:00
APA,APA Corporation Common Stock,NASDAQ,Energy,false,False,12205326938.0,provided,34.53,,10-Q,2026-05-07,2026-07-15,2026-07-15,unknown,,primary|sec_edgar,2026-07-15T01:56:41.354006+00:00
APGE,Apogee Therapeutics Inc. Common Stock,NASDAQ,Health Care,false,False,10099160675.0,provided,133.96,,10-Q,2026-05-11,2026-07-15,2026-07-15,unknown,,primary|sec_edgar,2026-07-15T01:56:41.354006+00:00
APLD,Applied Digital Corporation Common Stock,NASDAQ,Health Care,false,False,8135858775.0,provided,28.47,,10-Q,2026-04-08,2026-07-15,2026-07-15,unknown,,primary|sec_edgar,2026-07-15T01:56:41.354006+00:00
APP,Applovin Corporation Class A Common Stock,NASDAQ,Technology,false,True,150830341200.0,provided,448.98,,10-Q,2026-05-06,2026-07-15,2026-07-15,unknown,,primary|sec_edgar,2026-07-15T01:56:41.354006+00:00
APPF,AppFolio Inc. Class A Common Stock,NASDAQ,Technology,false,False,6168649667.0,provided,174.46,,10-Q,2026-04-23,2026-07-15,2026-07-15,unknown,,primary|sec_edgar,2026-07-15T01:56:41.354006+00:00
ARCC,Ares Capital Corporation Common Stock,NASDAQ,Finance,true,False,13491649258.0,provided,18.79,,10-Q,2026-04-28,2026-07-15,2026-07-15,unknown,,primary|sec_edgar,2026-07-15T01:56:41.354006+00:00
ARGX,argenx SE American Depositary Shares,NASDAQ,Health Care,false,False,53338707834.0,provided,859.43,,,,2026-07-15,2026-07-15,unknown,,primary|sec_edgar,2026-07-15T01:56:41.354006+00:00
ARM,Arm Holdings plc American Depositary Shares,NASDAQ,Technology,false,True,299180415205.0,provided,281.17,,,,2026-07-15,2026-07-15,unknown,,primary|sec_edgar,2026-07-15T01:56:41.354006+00:00
ARWR,Arrowhead Pharmaceuticals Inc. Common Stock,NASDAQ,Health Care,false,False,10129028380.0,provided,71.91,,10-Q,2026-05-07,2026-07-15,2026-07-15,unknown,,primary|sec_edgar,2026-07-15T01:56:41.354006+00:00
ARXS,Arxis Inc. Class A Common Stock,NASDAQ,Industrials,false,False,17644393519.0,provided,43.0,,10-Q,2026-05-28,2026-07-15,2026-07-15,unknown,,primary|sec_edgar,2026-07-15T01:56:41.354006+00:00
ASML,ASML Holding N.V. New York Registry Shares,NASDAQ,Technology,false,True,684363022681.0,provided,1775.64,,,,2026-07-15,2026-07-15,unknown,,primary|sec_edgar,2026-07-15T01:56:41.354006+00:00
ASND,Ascendis Pharma A/S Ordinary Share,NASDAQ,Health Care,false,False,16459340243.0,provided,265.57,,,,2026-07-15,2026-07-15,unknown,,primary|sec_edgar,2026-07-15T01:56:41.354006+00:00
ASTS,AST SpaceMobile Inc. Class A Common Stock,NASDAQ,Consumer Discretionary,false,False,26710733045.0,provided,68.82,,10-Q,2026-05-11,2026-07-15,2026-07-15,unknown,,primary|sec_edgar,2026-07-15T01:56:41.354006+00:00
AUR,Aurora Innovation Inc. Class A Common Stock,NASDAQ,Technology,false,False,12022174936.0,provided,6.13,,10-Q,2026-05-06,2026-07-15,2026-07-15,unknown,,primary|sec_edgar,2026-07-15T01:56:41.354006+00:00
AVAV,AeroVironment Inc. Common Stock,NASDAQ,Industrials,false,False,7260734064.0,provided,143.47,,10-K,2026-06-29,2026-07-15,2026-07-15,unknown,,primary|sec_edgar,2026-07-15T01:56:41.354006+00:00
AVGO,Broadcom Inc. Common Stock,NASDAQ,Technology,false,True,1851222030844.0,provided,389.11,,10-Q,2026-06-09,2026-07-15,2026-07-15,unknown,,primary|sec_edgar,2026-07-15T01:56:41.354006+00:00
AVT,Avnet Inc. Common Stock,NASDAQ,Technology,false,False,7058172170.0,provided,86.05,,10-Q,2026-05-01,2026-07-15,2026-07-15,unknown,,primary|sec_edgar,2026-07-15T01:56:41.354006+00:00
AXON,Axon Enterprise Inc. Common Stock,NASDAQ,Industrials,false,True,44110292659.0,provided,547.26,,10-Q,2026-05-07,2026-07-15,2026-07-15,unknown,,primary|sec_edgar,2026-07-15T01:56:41.354006+00:00
AXSM,Axsome Therapeutics Inc. Common Stock,NASDAQ,Health Care,false,False,12106424549.0,provided,235.26,,10-Q,2026-05-04,2026-07-15,2026-07-15,unknown,,primary|sec_edgar,2026-07-15T01:56:41.354006+00:00
BBIO,BridgeBio Pharma Inc. Common Stock,NASDAQ,Health Care,false,False,16457060661.0,provided,84.09,,10-Q,2026-05-07,2026-07-15,2026-07-15,unknown,,primary|sec_edgar,2026-07-15T01:56:41.354006+00:00
BDRX,Biodexa Pharmaceuticals plc American Depositary Shs,NASDAQ,Health Care,false,False,16936779124.0,provided,2.27,,,,2026-07-15,2026-07-15,unknown,,primary|sec_edgar,2026-07-15T01:56:41.354006+00:00
BIDU,Baidu Inc. ADS,NASDAQ,Technology,false,False,37335924272.0,provided,109.73,,,,2026-07-15,2026-07-15,unknown,,primary|sec_edgar,2026-07-15T01:56:41.354006+00:00
BIIB,Biogen Inc. Common Stock,NASDAQ,Health Care,false,False,28338944608.0,provided,191.95,,10-Q,2026-04-29,2026-07-15,2026-07-15,unknown,,primary|sec_edgar,2026-07-15T01:56:41.354006+00:00
BILI,Bilibili Inc. American Depositary Shares,NASDAQ,Technology,false,False,7282581350.0,provided,17.48,,,,2026-07-15,2026-07-15,unknown,,primary|sec_edgar,2026-07-15T01:56:41.354006+00:00
BKNG,Booking Holdings Inc. Common Stock,NASDAQ,Consumer Discretionary,false,True,135487494535.0,provided,174.85,,10-Q,2026-04-28,2026-07-15,2026-07-15,unknown,,primary|sec_edgar,2026-07-15T01:56:41.354006+00:00
BKR,Baker Hughes Company Class A Common Stock,NASDAQ,Consumer Discretionary,false,True,57316768969.0,provided,57.775,,10-Q,2026-04-24,2026-07-15,2026-07-15,unknown,,primary|sec_edgar,2026-07-15T01:56:41.354006+00:00
BLLN,BillionToOne Inc. Class A Common Stock,NASDAQ,Health Care,false,False,5743456087.0,provided,124.87,,10-Q,2026-05-06,2026-07-15,2026-07-15,unknown,,primary|sec_edgar,2026-07-15T01:56:41.354006+00:00
BLTE,Belite Bio Inc American Depositary Shares,NASDAQ,Health Care,false,False,5770385333.0,provided,146.68,,,,2026-07-15,2026-07-15,unknown,,primary|sec_edgar,2026-07-15T01:56:41.354006+00:00
BMRN,BioMarin Pharmaceutical Inc. Common Stock,NASDAQ,Health Care,false,False,11334199444.0,provided,58.64,,10-Q,2026-05-05,2026-07-15,2026-07-15,unknown,,primary|sec_edgar,2026-07-15T01:56:41.354006+00:00
BNTX,BioNTech SE American Depositary Share,NASDAQ,Health Care,false,False,22719810736.0,provided,90.4,,,,2026-07-15,2026-07-15,unknown,,primary|sec_edgar,2026-07-15T01:56:41.354006+00:00
BOKF,BOK Financial Corporation Common Stock,NASDAQ,Finance,true,False,8412368757.0,provided,138.45,,10-Q,2026-05-06,2026-07-15,2026-07-15,unknown,,primary|sec_edgar,2026-07-15T01:56:41.354006+00:00
BPOP,Popular Inc. Common Stock,NASDAQ,Finance,true,False,10906872821.0,provided,169.0,,10-Q,2026-05-08,2026-07-15,2026-07-15,unknown,,primary|sec_edgar,2026-07-15T01:56:41.354006+00:00
BPYPM,Brookfield Property Partners L.P. 6.25% Class A Cumulative Redeemable Preferred Units Series 1,NASDAQ,Finance,true,False,18340738886.0,provided,15.77,,,,2026-07-15,2026-07-15,unknown,,primary|sec_edgar,2026-07-15T01:56:41.354006+00:00
BPYPN,Brookfield Property Partners L.P. 5.750% Class A Cumulative Redeemable Perpetual Preferred Units Series 3,NASDAQ,Finance,true,False,16165901745.0,provided,13.9,,,,2026-07-15,2026-07-15,unknown,,primary|sec_edgar,2026-07-15T01:56:41.354006+00:00
BPYPO,Brookfield Property Partners L.P. 6.375% Class A Cumulative Redeemable Perpetual Preferred Units Series 2,NASDAQ,Finance,true,False,17782491919.0,provided,15.29,,,,2026-07-15,2026-07-15,unknown,,primary|sec_edgar,2026-07-15T01:56:41.354006+00:00
BPYPP,Brookfield Property Partners L.P. 6.50% Class A Cumulative Redeemable Perpetual Preferred Units,NASDAQ,Finance,true,False,18446108001.0,provided,15.8606,,,,2026-07-15,2026-07-15,unknown,,primary|sec_edgar,2026-07-15T01:56:41.354006+00:00
BRKR,Bruker Corporation Common Stock,NASDAQ,Industrials,false,False,9272789884.0,provided,59.83,,10-Q,2026-05-07,2026-07-15,2026-07-15,unknown,,primary|sec_edgar,2026-07-15T01:56:41.354006+00:00
BRKRP,Bruker Corporation 6.375% Mandatory Convertible Preferred Stock Series A,NASDAQ,Industrials,false,False,68362608890.0,provided,441.09,,10-Q,2026-05-07,2026-07-15,2026-07-15,unknown,,primary|sec_edgar,2026-07-15T01:56:41.354006+00:00
BSP,Bending Spoons S.p.A. Ordinary Shares,NASDAQ,Technology,false,False,21890094200.0,provided,32.5,,,,2026-07-15,2026-07-15,unknown,,primary|sec_edgar,2026-07-15T01:56:41.354006+00:00
BSY,Bentley Systems Incorporated Class B Common Stock,NASDAQ,Technology,false,False,9463266395.0,provided,31.15,,10-Q,2026-05-07,2026-07-15,2026-07-15,unknown,,primary|sec_edgar,2026-07-15T01:56:41.354006+00:00
BTSG,BrightSpring Health Services Inc. Common Stock,NASDAQ,Health Care,false,False,13744837381.0,provided,69.67,,10-Q,2026-05-01,2026-07-15,2026-07-15,unknown,,primary|sec_edgar,2026-07-15T01:56:41.354006+00:00
BTSGU,BrightSpring Health Services Inc. Tangible Equity Unit,NASDAQ,Health Care,false,False,45558996646.0,provided,230.93,,10-Q,2026-05-01,2026-07-15,2026-07-15,unknown,,primary|sec_edgar,2026-07-15T01:56:41.354006+00:00
BZ,KANZHUN LIMITED American Depository Shares,NASDAQ,Technology,false,False,6585725154.0,provided,14.23,,,,2026-07-15,2026-07-15,unknown,,primary|sec_edgar,2026-07-15T01:56:41.354006+00:00
CACC,Credit Acceptance Corporation Common Stock,NASDAQ,Finance,true,False,6462022662.0,provided,617.78,,10-Q,2026-05-05,2026-07-15,2026-07-15,unknown,,primary|sec_edgar,2026-07-15T01:56:41.354006+00:00
CAMT,Camtek Ltd. Ordinary Shares,NASDAQ,Technology,false,False,6977636189.0,provided,149.9,,,,2026-07-15,2026-07-15,unknown,,primary|sec_edgar,2026-07-15T01:56:41.354006+00:00
CAR,Avis Budget Group Inc. Common Stock,NASDAQ,Consumer Discretionary,false,False,5644226263.0,provided,159.78,,10-Q,2026-04-29,2026-07-15,2026-07-15,unknown,,primary|sec_edgar,2026-07-15T01:56:41.354006+00:00
CART,Maplebear Inc. Common Stock,NASDAQ,Consumer Discretionary,false,False,11213272426.0,provided,47.71,,10-Q,2026-05-07,2026-07-15,2026-07-15,unknown,,primary|sec_edgar,2026-07-15T01:56:41.354006+00:00
CASY,Casey's General Stores Inc. Common Stock,NASDAQ,Consumer Discretionary,false,False,31350193092.0,provided,847.19,,10-K,2026-06-22,2026-07-15,2026-07-15,unknown,,primary|sec_edgar,2026-07-15T01:56:41.354006+00:00
CBC,Central Bancompany Inc. Class A Common Stock,NASDAQ,,unknown,False,7413631569.0,provided,30.92,,10-Q,2026-05-15,2026-07-15,2026-07-15,unknown,,primary|sec_edgar,2026-07-15T01:56:41.354006+00:00
CBRS,Cerebras Systems Inc. Class A Common Stock,NASDAQ,Technology,false,False,45419174060.0,provided,203.81,,10-Q,2026-06-24,2026-07-15,2026-07-15,unknown,,primary|sec_edgar,2026-07-15T01:56:41.354006+00:00
CBSH,Commerce Bancshares Inc. Common Stock,NASDAQ,Finance,true,False,8441955220.0,provided,57.91,,10-Q,2026-05-07,2026-07-15,2026-07-15,unknown,,primary|sec_edgar,2026-07-15T01:56:41.354006+00:00
CCEP,Coca-Cola Europacific Partners plc Ordinary Shares,NASDAQ,Consumer Staples,false,True,47895146682.0,provided,105.5,,,,2026-07-15,2026-07-15,unknown,,primary|sec_edgar,2026-07-15T01:56:41.354006+00:00
CDNS,Cadence Design Systems Inc. Common Stock,NASDAQ,Technology,false,True,103927468800.0,provided,376.8,,10-Q,2026-05-01,2026-07-15,2026-07-15,unknown,,primary|sec_edgar,2026-07-15T01:56:41.354006+00:00
CDW,CDW Corporation Common Stock,NASDAQ,Technology,false,False,17806276000.0,provided,139.38,,10-Q,2026-05-06,2026-07-15,2026-07-15,unknown,,primary|sec_edgar,2026-07-15T01:56:41.354006+00:00
CEG,Constellation Energy Corporation Common Stock,NASDAQ,Utilities,false,True,92619967855.0,provided,256.43,,10-Q,2026-05-11,2026-07-15,2026-07-15,unknown,,primary|sec_edgar,2026-07-15T01:56:41.354006+00:00
CELC,Celcuity Inc. Common Stock,NASDAQ,Health Care,false,False,5415496282.0,provided,111.05,,10-Q,2026-05-14,2026-07-15,2026-07-15,unknown,,primary|sec_edgar,2026-07-15T01:56:41.354006+00:00
CELH,Celsius Holdings Inc. Common Stock,NASDAQ,Consumer Staples,false,False,7705000450.0,provided,30.14,,10-Q,2026-05-07,2026-07-15,2026-07-15,unknown,,primary|sec_edgar,2026-07-15T01:56:41.354006+00:00
CG,The Carlyle Group Inc. Common Stock,NASDAQ,Finance,true,False,16371636940.0,provided,45.48,,10-Q,2026-05-08,2026-07-15,2026-07-15,unknown,,primary|sec_edgar,2026-07-15T01:56:41.354006+00:00
CGABL,The Carlyle Group Inc. 4.625% Subordinated Notes due 2061,NASDAQ,Finance,true,False,5908449656.0,provided,16.335,,10-Q,2026-05-08,2026-07-15,2026-07-15,unknown,,primary|sec_edgar,2026-07-15T01:56:41.354006+00:00
CGNX,Cognex Corporation Common Stock,NASDAQ,Industrials,false,False,10822256899.0,provided,65.03,,10-Q,2026-05-07,2026-07-15,2026-07-15,unknown,,primary|sec_edgar,2026-07-15T01:56:41.354006+00:00
CGON,CG Oncology Inc. Common stock,NASDAQ,Health Care,false,False,6330291487.0,provided,71.77,,10-Q,2026-05-08,2026-07-15,2026-07-15,unknown,,primary|sec_edgar,2026-07-15T01:56:41.354006+00:00
CHDN,Churchill Downs Incorporated Common Stock,NASDAQ,Consumer Discretionary,false,False,5819691818.0,provided,83.5,,10-Q,2026-04-22,2026-07-15,2026-07-15,unknown,,primary|sec_edgar,2026-07-15T01:56:41.354006+00:00
CHKP,Check Point Software Technologies Ltd. Ordinary Shares,NASDAQ,Technology,false,False,14468768716.0,provided,137.02,,,,2026-07-15,2026-07-15,unknown,,primary|sec_edgar,2026-07-15T01:56:41.354006+00:00
CHRD,Chord Energy Corporation Common Stock,NASDAQ,Energy,false,False,6867937334.0,provided,121.99,,10-Q,2026-05-07,2026-07-15,2026-07-15,unknown,,primary|sec_edgar,2026-07-15T01:56:41.354006+00:00
CHRW,C.H. Robinson Worldwide Inc. Common Stock,NASDAQ,Industrials,false,False,23528637914.0,provided,199.61,,10-Q,2026-05-01,2026-07-15,2026-07-15,unknown,,primary|sec_edgar,2026-07-15T01:56:41.354006+00:00
CHTR,Charter Communications Inc. Class A Common Stock New,NASDAQ,Telecommunications,false,False,17777512128.0,provided,127.91,,10-Q,2026-04-24,2026-07-15,2026-07-15,unknown,,primary|sec_edgar,2026-07-15T01:56:41.354006+00:00
CHYM,Chime Financial Inc. Class A Common Stock,NASDAQ,Finance,true,False,8176670723.0,provided,21.46,,10-Q,2026-05-07,2026-07-15,2026-07-15,unknown,,primary|sec_edgar,2026-07-15T01:56:41.354006+00:00
CIFR,Cipher Digital Inc. Common Stock,NASDAQ,Finance,true,False,8127807544.0,provided,19.87,,10-Q,2026-05-05,2026-07-15,2026-07-15,unknown,,primary|sec_edgar,2026-07-15T01:56:41.354006+00:00
CINF,Cincinnati Financial Corporation Common Stock,NASDAQ,Finance,true,False,27848254162.0,provided,180.03,,10-Q,2026-04-27,2026-07-15,2026-07-15,unknown,,primary|sec_edgar,2026-07-15T01:56:41.354006+00:00
CMCSA,Comcast Corporation Class A Common Stock,NASDAQ,Telecommunications,false,True,82876919889.0,provided,23.19,,10-Q,2026-04-23,2026-07-15,2026-07-15,unknown,,primary|sec_edgar,2026-07-15T01:56:41.354006+00:00
CME,CME Group Inc. Class A Common Stock,NASDAQ,Finance,true,False,88274360523.0,provided,243.61,,10-Q,2026-04-24,2026-07-15,2026-07-15,unknown,,primary|sec_edgar,2026-07-15T01:56:41.354006+00:00
COGT,Cogent Biosciences Inc. Common Stock,NASDAQ,Health Care,false,False,6580126834.0,provided,38.51,,10-Q,2026-05-05,2026-07-15,2026-07-15,unknown,,primary|sec_edgar,2026-07-15T01:56:41.354006+00:00
COIN,Coinbase Global Inc. Class A Common Stock,NASDAQ,Finance,true,False,42540894911.0,provided,161.5,,10-Q,2026-05-07,2026-07-15,2026-07-15,unknown,,primary|sec_edgar,2026-07-15T01:56:41.354006+00:00
COKE,Coca-Cola Consolidated Inc. Common Stock,NASDAQ,Consumer Staples,false,False,11791864682.0,provided,177.15,,10-Q,2026-05-06,2026-07-15,2026-07-15,unknown,,primary|sec_edgar,2026-07-15T01:56:41.354006+00:00
COLB,Columbia Banking System Inc. Common Stock,NASDAQ,Finance,true,False,9336064304.0,provided,32.25,,10-Q,2026-05-05,2026-07-15,2026-07-15,unknown,,primary|sec_edgar,2026-07-15T01:56:41.354006+00:00
COO,The Cooper Companies Inc. Common Stock,NASDAQ,Health Care,false,False,13361548461.0,provided,68.51,,10-Q,2026-06-05,2026-07-15,2026-07-15,unknown,,primary|sec_edgar,2026-07-15T01:56:41.354006+00:00
CORT,Corcept Therapeutics Incorporated Common Stock,NASDAQ,Health Care,false,False,9712098709.0,provided,90.47,,10-Q,2026-04-30,2026-07-15,2026-07-15,unknown,,primary|sec_edgar,2026-07-15T01:56:41.354006+00:00
CORZ,Core Scientific Inc. Common Stock,NASDAQ,Finance,true,False,7022086100.0,provided,22.09,,10-Q,2026-05-06,2026-07-15,2026-07-15,unknown,,primary|sec_edgar,2026-07-15T01:56:41.354006+00:00
CORZZ,Core Scientific Inc. Tranche 2 Warrants,NASDAQ,Finance,true,False,7103146850.0,provided,22.345,,10-Q,2026-05-06,2026-07-15,2026-07-15,unknown,,primary|sec_edgar,2026-07-15T01:56:41.354006+00:00
COST,Costco Wholesale Corporation Common Stock,NASDAQ,Consumer Discretionary,false,True,408776587587.0,provided,921.75,,10-Q,2026-06-03,2026-07-15,2026-07-15,unknown,,primary|sec_edgar,2026-07-15T01:56:41.354006+00:00
CPB,The Campbell's Company Common Stock,NASDAQ,Consumer Staples,false,False,6590357970.0,provided,22.1,,10-Q,2026-06-08,2026-07-15,2026-07-15,unknown,,primary|sec_edgar,2026-07-15T01:56:41.354006+00:00
CPRT,Copart Inc. (DE) Common Stock,NASDAQ,Consumer Discretionary,false,True,25478331985.0,provided,27.52,,10-Q,2026-05-29,2026-07-15,2026-07-15,unknown,,primary|sec_edgar,2026-07-15T01:56:41.354006+00:00
CRDO,Credo Technology Group Holding Ltd Ordinary Shares,NASDAQ,Technology,false,False,44042349950.0,provided,236.18,,10-K,2026-06-15,2026-07-15,2026-07-15,unknown,,primary|sec_edgar,2026-07-15T01:56:41.354006+00:00
CRNX,Crinetics Pharmaceuticals Inc. Common Stock,NASDAQ,Health Care,false,False,8826399812.0,provided,83.71,,10-Q,2026-05-07,2026-07-15,2026-07-15,unknown,,primary|sec_edgar,2026-07-15T01:56:41.354006+00:00
CROX,Crocs Inc. Common Stock,NASDAQ,Consumer Discretionary,false,False,6517791128.0,provided,131.17,,10-Q,2026-04-30,2026-07-15,2026-07-15,unknown,,primary|sec_edgar,2026-07-15T01:56:41.354006+00:00
CRUS,Cirrus Logic Inc. Common Stock,NASDAQ,Technology,false,False,6930185344.0,provided,137.36,,10-K,2026-05-21,2026-07-15,2026-07-15,unknown,,primary|sec_edgar,2026-07-15T01:56:41.354006+00:00
CRWD,CrowdStrike Holdings Inc. Class A Common Stock,NASDAQ,Technology,false,True,214577778074.0,provided,210.73,,10-Q,2026-06-04,2026-07-15,2026-07-15,unknown,,primary|sec_edgar,2026-07-15T01:56:41.354006+00:00
CRWV,CoreWeave Inc. Class A Common Stock,NASDAQ,Technology,false,True,43612893459.0,provided,79.94,,10-Q,2026-05-08,2026-07-15,2026-07-15,unknown,,primary|sec_edgar,2026-07-15T01:56:41.354006+00:00
CSCO,Cisco Systems Inc. Common Stock (DE),NASDAQ,Telecommunications,false,True,461502584925.0,provided,117.09,,10-Q,2026-05-19,2026-07-15,2026-07-15,unknown,,primary|sec_edgar,2026-07-15T01:56:41.354006+00:00
CSGP,CoStar Group Inc. Common Stock,NASDAQ,Finance,true,False,11303286191.0,provided,27.68,,10-Q,2026-04-29,2026-07-15,2026-07-15,unknown,,primary|sec_edgar,2026-07-15T01:56:41.354006+00:00
CSX,CSX Corporation Common Stock,NASDAQ,Industrials,false,True,92758291692.0,provided,49.92,,10-Q,2026-04-22,2026-07-15,2026-07-15,unknown,,primary|sec_edgar,2026-07-15T01:56:41.354006+00:00
CTAS,Cintas Corporation Common Stock,NASDAQ,Industrials,false,True,73757231275.0,provided,184.33,,10-Q,2026-04-07,2026-07-15,2026-07-15,unknown,,primary|sec_edgar,2026-07-15T01:56:41.354006+00:00
CTSH,Cognizant Technology Solutions Corporation Class A Common Stock,NASDAQ,Technology,false,False,20390603251.0,provided,43.03,,10-Q,2026-04-29,2026-07-15,2026-07-15,unknown,,primary|sec_edgar,2026-07-15T01:56:41.354006+00:00
CVLT,Commvault Systems Inc. Common Stock,NASDAQ,Technology,false,False,6156505636.0,provided,148.63,,10-K,2026-05-11,2026-07-15,2026-07-15,unknown,,primary|sec_edgar,2026-07-15T01:56:41.354006+00:00
CWST,Casella Waste Systems Inc. Class A Common Stock,NASDAQ,Utilities,false,False,6135814909.0,provided,96.46,,10-Q,2026-05-01,2026-07-15,2026-07-15,unknown,,primary|sec_edgar,2026-07-15T01:56:41.354006+00:00
CYTK,Cytokinetics Incorporated Common Stock,NASDAQ,Health Care,false,False,10194760050.0,provided,81.93,,10-Q,2026-05-05,2026-07-15,2026-07-15,unknown,,primary|sec_edgar,2026-07-15T01:56:41.354006+00:00
CZR,Caesars Entertainment Inc. Common Stock,NASDAQ,Consumer Discretionary,false,False,6079756361.0,provided,29.85,,10-Q,2026-04-28,2026-07-15,2026-07-15,unknown,,primary|sec_edgar,2026-07-15T01:56:41.354006+00:00
DASH,DoorDash Inc. Class A Common Stock,NASDAQ,Technology,false,True,81823618804.0,provided,187.79,,10-Q,2026-05-06,2026-07-15,2026-07-15,unknown,,primary|sec_edgar,2026-07-15T01:56:41.354006+00:00
DBX,Dropbox Inc. Class A Common Stock,NASDAQ,Technology,false,False,6992020451.0,provided,29.97,,10-Q,2026-05-08,2026-07-15,2026-07-15,unknown,,primary|sec_edgar,2026-07-15T01:56:41.354006+00:00
DDOG,Datadog Inc. Class A Common Stock,NASDAQ,Technology,false,True,96369101968.0,provided,270.73,,10-Q,2026-05-07,2026-07-15,2026-07-15,unknown,,primary|sec_edgar,2026-07-15T01:56:41.354006+00:00
DKNG,DraftKings Inc. Class A Common Stock,NASDAQ,Consumer Discretionary,false,False,12507407477.0,provided,25.21,,10-Q,2026-05-08,2026-07-15,2026-07-15,unknown,,primary|sec_edgar,2026-07-15T01:56:41.354006+00:00
DLTR,Dollar Tree Inc. Common Stock,NASDAQ,Consumer Discretionary,false,False,23937266681.0,provided,124.56,,10-Q,2026-05-28,2026-07-15,2026-07-15,unknown,,primary|sec_edgar,2026-07-15T01:56:41.354006+00:00
DNTH,Dianthus Therapeutics Inc. Common Stock,NASDAQ,Health Care,false,False,5536596078.0,provided,101.28,,10-Q,2026-05-05,2026-07-15,2026-07-15,unknown,,primary|sec_edgar,2026-07-15T01:56:41.354006+00:00
DOCU,DocuSign Inc. Common Stock,NASDAQ,Technology,false,False,9428844743.0,provided,49.38,,10-Q,2026-06-05,2026-07-15,2026-07-15,unknown,,primary|sec_edgar,2026-07-15T01:56:41.354006+00:00
DOX,Amdocs Limited Ordinary Shares,NASDAQ,Technology,false,False,5609058046.0,provided,51.96,,,,2026-07-15,2026-07-15,unknown,,primary|sec_edgar,2026-07-15T01:56:41.354006+00:00
DPZ,Domino's Pizza Inc Common Stock,NASDAQ,Consumer Discretionary,false,False,10306190420.0,provided,309.85,,10-Q,2026-04-27,2026-07-15,2026-07-15,unknown,,primary|sec_edgar,2026-07-15T01:56:41.354006+00:00
DRS,Leonardo DRS Inc. Common Stock,NASDAQ,Industrials,false,False,11836233800.0,provided,44.37,,10-Q,2026-05-05,2026-07-15,2026-07-15,unknown,,primary|sec_edgar,2026-07-15T01:56:41.354006+00:00
DSGX,Descartes Systems Group Inc. (The) Common Stock,NASDAQ,Technology,false,False,6154743649.0,provided,71.825,,,,2026-07-15,2026-07-15,unknown,,primary|sec_edgar,2026-07-15T01:56:41.354006+00:00
DUOL,Duolingo Inc. Class A Common Stock,NASDAQ,Technology,false,False,5980226567.0,provided,128.35,,10-Q,2026-05-05,2026-07-15,2026-07-15,unknown,,primary|sec_edgar,2026-07-15T01:56:41.354006+00:00
DXCM,DexCom Inc. Common Stock,NASDAQ,Health Care,false,True,28600905055.0,provided,74.12,,10-Q,2026-04-30,2026-07-15,2026-07-15,unknown,,primary|sec_edgar,2026-07-15T01:56:41.354006+00:00
EA,Electronic Arts Inc. Common Stock,NASDAQ,Consumer Discretionary,false,True,51817794169.0,provided,206.65,,10-K,2026-05-11,2026-07-15,2026-07-15,unknown,,primary|sec_edgar,2026-07-15T01:56:41.354006+00:00
EBAY,eBay Inc. Common Stock,NASDAQ,Consumer Discretionary,false,False,50081558310.0,provided,112.54,,10-Q,2026-04-29,2026-07-15,2026-07-15,unknown,,primary|sec_edgar,2026-07-15T01:56:41.354006+00:00
ECHO,EchoStar  Corporation Common Stock,NASDAQ,Consumer Discretionary,false,False,27387374616.0,provided,94.5,,10-Q,2026-05-11,2026-07-15,2026-07-15,unknown,,primary|sec_edgar,2026-07-15T01:56:41.354006+00:00
ENLT,Enlight Renewable Energy Ltd. Ordinary Shares,NASDAQ,Utilities,false,False,12584826415.0,provided,90.25,,,,2026-07-15,2026-07-15,unknown,,primary|sec_edgar,2026-07-15T01:56:41.354006+00:00
ENPH,Enphase Energy Inc. Common Stock,NASDAQ,Technology,false,False,5928942927.0,provided,44.985,,10-Q,2026-04-28,2026-07-15,2026-07-15,unknown,,primary|sec_edgar,2026-07-15T01:56:41.354006+00:00
ENSG,The Ensign Group Inc. Common Stock,NASDAQ,Health Care,false,False,9744601542.0,provided,166.73,,10-Q,2026-04-30,2026-07-15,2026-07-15,unknown,,primary|sec_edgar,2026-07-15T01:56:41.354006+00:00
ENTG,Entegris Inc. Common Stock,NASDAQ,Industrials,false,False,21446075000.0,provided,140.63,,10-Q,2026-04-30,2026-07-15,2026-07-15,unknown,,primary|sec_edgar,2026-07-15T01:56:41.354006+00:00
EQIX,Equinix Inc. Common Stock REIT,NASDAQ,Real Estate,false,False,100945862798.0,provided,1023.54,,10-Q,2026-04-29,2026-07-15,2026-07-15,unknown,,primary|sec_edgar,2026-07-15T01:56:41.354006+00:00
ERAS,Erasca Inc. Common Stock,NASDAQ,Health Care,false,False,6064198569.0,provided,19.5,,10-Q,2026-05-11,2026-07-15,2026-07-15,unknown,,primary|sec_edgar,2026-07-15T01:56:41.354006+00:00
ERIC,Ericsson American Depositary Shares,NASDAQ,Technology,false,False,34185506593.0,provided,10.14,,,,2026-07-15,2026-07-15,unknown,,primary|sec_edgar,2026-07-15T01:56:41.354006+00:00
ERIE,Erie Indemnity Company Class A Common Stock,NASDAQ,Finance,true,False,11015313237.0,provided,238.47,,10-Q,2026-04-23,2026-07-15,2026-07-15,unknown,,primary|sec_edgar,2026-07-15T01:56:41.354006+00:00
ESLT,Elbit Systems Ltd. Ordinary Shares,NASDAQ,Industrials,false,False,34244527368.0,provided,736.3,,,,2026-07-15,2026-07-15,unknown,,primary|sec_edgar,2026-07-15T01:56:41.354006+00:00
EVRG,Evergy Inc. Common Stock,NASDAQ,Utilities,false,False,19927851011.0,provided,86.45,,10-Q,2026-05-07,2026-07-15,2026-07-15,unknown,,primary|sec_edgar,2026-07-15T01:56:41.354006+00:00
EWBC,East West Bancorp Inc. Common Stock,NASDAQ,Finance,true,False,17975279537.0,provided,131.21,,10-Q,2026-05-08,2026-07-15,2026-07-15,unknown,,primary|sec_edgar,2026-07-15T01:56:41.354006+00:00
EXC,Exelon Corporation Common Stock,NASDAQ,Utilities,false,True,48008926023.0,provided,46.92,,10-Q,2026-05-06,2026-07-15,2026-07-15,unknown,,primary|sec_edgar,2026-07-15T01:56:41.354006+00:00
EXE,Expand Energy Corporation Common Stock,NASDAQ,Energy,false,False,21006685231.0,provided,87.81,,10-Q,2026-04-28,2026-07-15,2026-07-15,unknown,,primary|sec_edgar,2026-07-15T01:56:41.354006+00:00
EXEL,Exelixis Inc. Common Stock,NASDAQ,Health Care,false,False,14018072979.0,provided,55.77,,10-Q,2026-05-05,2026-07-15,2026-07-15,unknown,,primary|sec_edgar,2026-07-15T01:56:41.354006+00:00
EXPE,Expedia Group Inc. Common Stock,NASDAQ,Consumer Discretionary,false,False,31959478664.0,provided,266.28,,10-Q,2026-05-08,2026-07-15,2026-07-15,unknown,,primary|sec_edgar,2026-07-15T01:56:41.354006+00:00
FANG,Diamondback Energy Inc. Common Stock,NASDAQ,Energy,false,True,53643632605.0,provided,190.69,,10-Q,2026-05-06,2026-07-15,2026-07-15,unknown,,primary|sec_edgar,2026-07-15T01:56:41.354006+00:00
FAST,Fastenal Company Common Stock,NASDAQ,Consumer Discretionary,false,True,52511123690.0,provided,45.74,,10-Q,2026-04-16,2026-07-15,2026-07-15,unknown,,primary|sec_edgar,2026-07-15T01:56:41.354006+00:00
FCFS,FirstCash Holdings Inc. Common Stock,NASDAQ,Consumer Discretionary,false,False,9208334471.0,provided,210.06,,10-Q,2026-04-24,2026-07-15,2026-07-15,unknown,,primary|sec_edgar,2026-07-15T01:56:41.354006+00:00
FCNCA,First Citizens BancShares Inc. Class A Common Stock,NASDAQ,Finance,true,False,23895237132.0,provided,2062.25,,10-Q,2026-05-08,2026-07-15,2026-07-15,unknown,,primary|sec_edgar,2026-07-15T01:56:41.354006+00:00
FER,Ferrovial N.V. Ordinary Shares,NASDAQ,Industrials,false,True,45843847957.0,provided,63.72,,,,2026-07-15,2026-07-15,unknown,,primary|sec_edgar,2026-07-15T01:56:41.354006+00:00
FFIV,F5 Inc. Common Stock,NASDAQ,Telecommunications,false,False,24331364461.0,provided,431.26,,10-Q,2026-05-05,2026-07-15,2026-07-15,unknown,,primary|sec_edgar,2026-07-15T01:56:41.354006+00:00
FIGR,Figure Technology Solutions Inc. Class A Common Stock,NASDAQ,Finance,true,False,6606653248.0,provided,29.96,,10-Q,2026-05-15,2026-07-15,2026-07-15,unknown,,primary|sec_edgar,2026-07-15T01:56:41.354006+00:00
FISV,Fiserv Inc. Common Stock,NASDAQ,Consumer Discretionary,false,False,26417402466.0,provided,49.54,,10-Q,2026-05-06,2026-07-15,2026-07-15,unknown,,primary|sec_edgar,2026-07-15T01:56:41.354006+00:00
FIVE,Five Below Inc. Common Stock,NASDAQ,Consumer Discretionary,false,False,10678085232.0,provided,193.11,,10-Q,2026-06-04,2026-07-15,2026-07-15,unknown,,primary|sec_edgar,2026-07-15T01:56:41.354006+00:00
FLEX,Flex Ltd. Ordinary Shares,NASDAQ,Technology,false,False,48451354621.0,provided,132.24,,10-K,2026-05-20,2026-07-15,2026-07-15,unknown,,primary|sec_edgar,2026-07-15T01:56:41.354006+00:00
FORM,FormFactor Inc. FormFactor Inc. Common Stock,NASDAQ,Technology,false,False,9068478627.0,provided,116.33,,10-Q,2026-05-05,2026-07-15,2026-07-15,unknown,,primary|sec_edgar,2026-07-15T01:56:41.354006+00:00
FOX,Fox Corporation Class B Common Stock,NASDAQ,Industrials,false,False,20799222593.0,provided,49.5,,10-Q,2026-05-11,2026-07-15,2026-07-15,unknown,,primary|sec_edgar,2026-07-15T01:56:41.354006+00:00
FOXA,Fox Corporation Class A Common Stock,NASDAQ,Industrials,false,False,23055623104.0,provided,54.87,,10-Q,2026-05-11,2026-07-15,2026-07-15,unknown,,primary|sec_edgar,2026-07-15T01:56:41.354006+00:00
FRHC,Freedom Holding Corp. Common Stock,NASDAQ,Finance,true,False,9127078237.0,provided,148.91,,10-K,2026-06-01,2026-07-15,2026-07-15,unknown,,primary|sec_edgar,2026-07-15T01:56:41.354006+00:00
FROG,JFrog Ltd. Ordinary Shares,NASDAQ,Technology,false,False,11042485237.0,provided,91.17,,10-Q,2026-05-08,2026-07-15,2026-07-15,unknown,,primary|sec_edgar,2026-07-15T01:56:41.354006+00:00
FRVO,Fervo Energy Company Class A common stock,NASDAQ,Utilities,false,False,7372017249.0,provided,25.02,,10-Q,2026-06-23,2026-07-15,2026-07-15,unknown,,primary|sec_edgar,2026-07-15T01:56:41.354006+00:00
FSLR,First Solar Inc. Common Stock,NASDAQ,Technology,false,False,23702062811.0,provided,220.58,,10-Q,2026-04-30,2026-07-15,2026-07-15,unknown,,primary|sec_edgar,2026-07-15T01:56:41.354006+00:00
FSV,FirstService Corporation Common Shares,NASDAQ,Finance,true,False,6654020634.0,provided,144.71,,,,2026-07-15,2026-07-15,unknown,,primary|sec_edgar,2026-07-15T01:56:41.354006+00:00
FTAI,FTAI Aviation Ltd. Common Stock,NASDAQ,Industrials,false,False,21154660486.0,provided,206.22,,10-Q,2026-05-01,2026-07-15,2026-07-15,unknown,,primary|sec_edgar,2026-07-15T01:56:41.354006+00:00
FTNT,Fortinet Inc. Common Stock,NASDAQ,Technology,false,True,122227731071.0,provided,166.83,,10-Q,2026-05-08,2026-07-15,2026-07-15,unknown,,primary|sec_edgar,2026-07-15T01:56:41.354006+00:00
FUTU,Futu Holdings Limited American Depositary Shares,NASDAQ,Finance,true,False,13754649238.0,provided,98.13,,,,2026-07-15,2026-07-15,unknown,,primary|sec_edgar,2026-07-15T01:56:41.354006+00:00
FWONA,Liberty Media Corporation Series A Liberty Formula One Common Stock,NASDAQ,Industrials,false,False,23090809935.0,provided,92.14,,10-Q,2026-05-07,2026-07-15,2026-07-15,unknown,,primary|sec_edgar,2026-07-15T01:56:41.354006+00:00
FWONK,Liberty Media Corporation Series C Liberty Formula One Common Stock,NASDAQ,Industrials,false,False,25278597766.0,provided,100.87,,10-Q,2026-05-07,2026-07-15,2026-07-15,unknown,,primary|sec_edgar,2026-07-15T01:56:41.354006+00:00
GDS,GDS Holdings Limited ADS,NASDAQ,Technology,false,False,6426110049.0,provided,32.07,,,,2026-07-15,2026-07-15,unknown,,primary|sec_edgar,2026-07-15T01:56:41.354006+00:00
GEHC,GE HealthCare Technologies Inc. Common Stock,NASDAQ,Health Care,false,True,28048627525.0,provided,61.66,,10-Q,2026-04-29,2026-07-15,2026-07-15,unknown,,primary|sec_edgar,2026-07-15T01:56:41.354006+00:00
GEN,Gen Digital Inc. Common Stock,NASDAQ,Technology,false,False,16006667501.0,provided,26.57,,10-K,2026-05-21,2026-07-15,2026-07-15,unknown,,primary|sec_edgar,2026-07-15T01:56:41.354006+00:00
GFS,GlobalFoundries Inc. Ordinary Shares,NASDAQ,Technology,false,False,35271289858.0,provided,63.39,,,,2026-07-15,2026-07-15,unknown,,primary|sec_edgar,2026-07-15T01:56:41.354006+00:00
GGAL,Grupo Financiero Galicia S.A. American Depositary Shares,NASDAQ,Finance,true,False,8159768948.0,provided,50.8,,,,2026-07-15,2026-07-15,unknown,,primary|sec_edgar,2026-07-15T01:56:41.354006+00:00
GH,Guardant Health Inc. Common Stock,NASDAQ,Health Care,false,False,21230574632.0,provided,160.11,,10-Q,2026-05-07,2026-07-15,2026-07-15,unknown,,primary|sec_edgar,2026-07-15T01:56:41.354006+00:00
GILD,Gilead Sciences Inc. Common Stock,NASDAQ,Health Care,false,True,161453746415.0,provided,130.04,,10-Q,2026-05-07,2026-07-15,2026-07-15,unknown,,primary|sec_edgar,2026-07-15T01:56:41.354006+00:00
GLBE,Global-E Online Ltd. Ordinary Shares,NASDAQ,Technology,false,False,6493271160.0,provided,38.75,,,,2026-07-15,2026-07-15,unknown,,primary|sec_edgar,2026-07-15T01:56:41.354006+00:00
GLPI,Gaming and Leisure Properties Inc. Common Stock,NASDAQ,Real Estate,false,False,12425169012.0,provided,43.84,,10-Q,2026-04-23,2026-07-15,2026-07-15,unknown,,primary|sec_edgar,2026-07-15T01:56:41.354006+00:00
GLXY,Galaxy Digital Inc. Class A Common Stock,NASDAQ,Finance,true,False,9460582193.0,provided,24.22,,10-Q,2026-05-08,2026-07-15,2026-07-15,unknown,,primary|sec_edgar,2026-07-15T01:56:41.354006+00:00
GMAB,Genmab A/S ADS,NASDAQ,Health Care,false,False,18455694618.0,provided,28.73,,,,2026-07-15,2026-07-15,unknown,,primary|sec_edgar,2026-07-15T01:56:41.354006+00:00
GOOG,Alphabet Inc. Class C Capital Stock,NASDAQ,Technology,false,True,4329410280000.0,provided,357.33,,10-Q,2026-04-30,2026-07-15,2026-07-15,unknown,,primary|sec_edgar,2026-07-15T01:56:41.354006+00:00
GOOGL,Alphabet Inc. Class A Common Stock,NASDAQ,Technology,false,True,4355823160000.0,provided,359.51,,10-Q,2026-04-30,2026-07-15,2026-07-15,unknown,,primary|sec_edgar,2026-07-15T01:56:41.354006+00:00
GOOGM,Alphabet Inc. Depositary Shares representing a 1/20th Interest in a Share of Series A Mandatory Convertible Preferred Stock,NASDAQ,Technology,false,False,611373360000.0,provided,50.46,,10-Q,2026-04-30,2026-07-15,2026-07-15,unknown,,primary|sec_edgar,2026-07-15T01:56:41.354006+00:00
GOOGN,Alphabet Inc. Depositary Shares representing a 1/20th Interest in a Share of Series B Mandatory Convertible Preferred Stock,NASDAQ,Technology,false,False,609071320000.0,provided,50.27,,10-Q,2026-04-30,2026-07-15,2026-07-15,unknown,,primary|sec_edgar,2026-07-15T01:56:41.354006+00:00
GRAB,Grab Holdings Limited Class A Ordinary Shares,NASDAQ,Consumer Discretionary,false,False,15581830775.0,provided,3.8,,,,2026-07-15,2026-07-15,unknown,,primary|sec_edgar,2026-07-15T01:56:41.354006+00:00
GSAT,Globalstar Inc. Common Stock,NASDAQ,Consumer Discretionary,false,False,10322432820.0,provided,80.15,,10-Q,2026-05-07,2026-07-15,2026-07-15,unknown,,primary|sec_edgar,2026-07-15T01:56:41.354006+00:00
GTLB,GitLab Inc. Class A Common Stock,NASDAQ,Technology,false,False,5570322000.0,provided,32.98,,10-Q,2026-06-02,2026-07-15,2026-07-15,unknown,,primary|sec_edgar,2026-07-15T01:56:41.354006+00:00
GTX,Garrett Motion Inc. Common Stock,NASDAQ,Consumer Discretionary,false,False,5930131775.0,provided,31.68,,10-Q,2026-04-30,2026-07-15,2026-07-15,unknown,,primary|sec_edgar,2026-07-15T01:56:41.354006+00:00
HALO,Halozyme Therapeutics Inc. Common Stock,NASDAQ,Health Care,false,False,8901905650.0,provided,75.05,,10-Q,2026-05-11,2026-07-15,2026-07-15,unknown,,primary|sec_edgar,2026-07-15T01:56:41.354006+00:00
HAS,Hasbro Inc. Common Stock,NASDAQ,Consumer Discretionary,false,False,11095700067.0,provided,78.42,,10-Q,2026-05-13,2026-07-15,2026-07-15,unknown,,primary|sec_edgar,2026-07-15T01:56:41.354006+00:00
HBAN,Huntington Bancshares Incorporated Common Stock,NASDAQ,Finance,true,False,36184280978.0,provided,17.85,,10-Q,2026-04-30,2026-07-15,2026-07-15,unknown,,primary|sec_edgar,2026-07-15T01:56:41.354006+00:00
HBANL,Huntington Bancshares Incorporated Depositary Shares Each Representing a 1/40th Interest in a Share of 6.875% Series J Non-Cumulative Perpetual Preferred Stock,NASDAQ,Finance,true,False,50536365534.0,provided,24.93,,10-Q,2026-04-30,2026-07-15,2026-07-15,unknown,,primary|sec_edgar,2026-07-15T01:56:41.354006+00:00
HBANM,Huntington Bancshares Incorporated Depositary Shares each representing a 1/1000th interest in a share of Huntington Series I Preferred Stock,NASDAQ,Finance,true,False,42000118632.0,provided,20.719,,10-Q,2026-04-30,2026-07-15,2026-07-15,unknown,,primary|sec_edgar,2026-07-15T01:56:41.354006+00:00
HBANP,Huntington Bancshares Incorporated Depositary Shares 4.500% Series H Non-Cumulative Perpetual Preferred Stock,NASDAQ,Finance,true,False,32880058121.0,provided,16.22,,10-Q,2026-04-30,2026-07-15,2026-07-15,unknown,,primary|sec_edgar,2026-07-15T01:56:41.354006+00:00
HBANZ,Huntington Bancshares Incorporated Depositary Shares Each Representing a 1/1000th Interest in a Share of 5.50% Series L Non-Cumulative Perpetual Preferred Stock,NASDAQ,Finance,true,False,40076371705.0,provided,19.77,,10-Q,2026-04-30,2026-07-15,2026-07-15,unknown,,primary|sec_edgar,2026-07-15T01:56:41.354006+00:00
HON,Honeywell International Inc. Common Stock,NASDAQ,Industrials,false,True,70550938381.0,provided,222.68,,10-Q,2026-04-23,2026-07-15,2026-07-15,unknown,,primary|sec_edgar,2026-07-15T01:56:41.354006+00:00
HONA,Honeywell Aerospace Inc. Common Stock,NASDAQ,Industrials,false,True,65768167523.0,provided,207.51,,,,2026-07-15,2026-07-15,unknown,,primary|sec_edgar,2026-07-15T01:56:41.354006+00:00
HOOD,Robinhood Markets Inc. Class A Common Stock,NASDAQ,Finance,true,False,102162298717.0,provided,113.45,,10-Q,2026-04-29,2026-07-15,2026-07-15,unknown,,primary|sec_edgar,2026-07-15T01:56:41.354006+00:00
HQY,HealthEquity Inc. Common Stock,NASDAQ,Consumer Discretionary,false,False,7900403837.0,provided,94.5,,10-Q,2026-05-28,2026-07-15,2026-07-15,unknown,,primary|sec_edgar,2026-07-15T01:56:41.354006+00:00
HSIC,Henry Schein Inc. Common Stock,NASDAQ,Health Care,false,False,9900505351.0,provided,86.91,,10-Q,2026-05-05,2026-07-15,2026-07-15,unknown,,primary|sec_edgar,2026-07-15T01:56:41.354006+00:00
HST,Host Hotels & Resorts Inc. Common Stock,NASDAQ,Real Estate,false,False,16012477590.0,provided,23.38,,10-Q,2026-05-08,2026-07-15,2026-07-15,unknown,,primary|sec_edgar,2026-07-15T01:56:41.354006+00:00
HTHT,H World Group Limited American Depositary Shares,NASDAQ,Consumer Discretionary,false,False,12673056581.0,provided,41.21,,,,2026-07-15,2026-07-15,unknown,,primary|sec_edgar,2026-07-15T01:56:41.354006+00:00
HUT,Hut 8 Corp. Common Stock,NASDAQ,Finance,true,False,11071379033.0,provided,98.33,,10-Q,2026-05-06,2026-07-15,2026-07-15,unknown,,primary|sec_edgar,2026-07-15T01:56:41.354006+00:00
HWC,Hancock Whitney Corporation Common Stock,NASDAQ,Finance,true,False,6169628727.0,provided,76.02,,10-Q,2026-05-07,2026-07-15,2026-07-15,unknown,,primary|sec_edgar,2026-07-15T01:56:41.354006+00:00
IBKR,Interactive Brokers Group Inc. Class A Common Stock,NASDAQ,Finance,true,False,162188381273.0,provided,95.61,,10-Q,2026-05-07,2026-07-15,2026-07-15,unknown,,primary|sec_edgar,2026-07-15T01:56:41.354006+00:00
IBRX,ImmunityBio Inc. Common Stock,NASDAQ,Health Care,false,False,8253149339.0,provided,7.88,,10-Q,2026-05-07,2026-07-15,2026-07-15,unknown,,primary|sec_edgar,2026-07-15T01:56:41.354006+00:00
ICLR,ICON plc Ordinary Shares,NASDAQ,Health Care,false,False,12861013580.0,provided,167.97,,,,2026-07-15,2026-07-15,unknown,,primary|sec_edgar,2026-07-15T01:56:41.354006+00:00
IDCC,InterDigital Inc. Common Stock,NASDAQ,Miscellaneous,false,False,6861467524.0,provided,265.485,,10-Q,2026-04-30,2026-07-15,2026-07-15,unknown,,primary|sec_edgar,2026-07-15T01:56:41.354006+00:00
IDXX,IDEXX Laboratories Inc. Common Stock,NASDAQ,Health Care,false,True,42650458818.0,provided,540.68,,10-Q,2026-05-05,2026-07-15,2026-07-15,unknown,,primary|sec_edgar,2026-07-15T01:56:41.354006+00:00
IESC,IES Holdings Inc. Common Stock,NASDAQ,Industrials,false,False,12276102975.0,provided,616.15,,10-Q,2026-05-01,2026-07-15,2026-07-15,unknown,,primary|sec_edgar,2026-07-15T01:56:41.354006+00:00
ILMN,Illumina Inc. Common Stock,NASDAQ,Health Care,false,False,28928560000.0,provided,191.2,,10-Q,2026-05-04,2026-07-15,2026-07-15,unknown,,primary|sec_edgar,2026-07-15T01:56:41.354006+00:00
IMVT,Immunovant Inc. Common Stock,NASDAQ,Health Care,false,False,7959826712.0,provided,38.77,,10-K,2026-05-20,2026-07-15,2026-07-15,unknown,,primary|sec_edgar,2026-07-15T01:56:41.354006+00:00
INCY,Incyte Corp. Common Stock,NASDAQ,Health Care,false,False,22948170090.0,provided,114.88,,10-Q,2026-04-28,2026-07-15,2026-07-15,unknown,,primary|sec_edgar,2026-07-15T01:56:41.354006+00:00
INIO,INNIO N.V. Ordinary Shares,NASDAQ,Consumer Discretionary,false,False,23107500000.0,provided,30.81,,,,2026-07-15,2026-07-15,unknown,,primary|sec_edgar,2026-07-15T01:56:41.354006+00:00
INSM,Insmed Incorporated Common Stock,NASDAQ,Health Care,false,False,23866612380.0,provided,110.11,,10-Q,2026-05-07,2026-07-15,2026-07-15,unknown,,primary|sec_edgar,2026-07-15T01:56:41.354006+00:00
INTC,Intel Corporation Common Stock,NASDAQ,Technology,false,True,541601760000.0,provided,107.76,,10-Q,2026-04-24,2026-07-15,2026-07-15,unknown,,primary|sec_edgar,2026-07-15T01:56:41.354006+00:00
INTU,Intuit Inc. Common Stock,NASDAQ,Technology,false,True,77255054910.0,provided,282.43,,10-Q,2026-05-20,2026-07-15,2026-07-15,unknown,,primary|sec_edgar,2026-07-15T01:56:41.354006+00:00
IONS,Ionis Pharmaceuticals Inc. Common Stock,NASDAQ,Health Care,false,False,9077872201.0,provided,54.93,,10-Q,2026-04-29,2026-07-15,2026-07-15,unknown,,primary|sec_edgar,2026-07-15T01:56:41.354006+00:00
IREN,IREN Limited Ordinary Shares,NASDAQ,Technology,false,False,13791243030.0,provided,38.59,,10-Q,2026-05-08,2026-07-15,2026-07-15,unknown,,primary|sec_edgar,2026-07-15T01:56:41.354006+00:00
ISRG,Intuitive Surgical Inc. Common Stock,NASDAQ,Health Care,false,True,134404798539.0,provided,379.5,,10-Q,2026-04-22,2026-07-15,2026-07-15,unknown,,primary|sec_edgar,2026-07-15T01:56:41.354006+00:00
JAZZ,Jazz Pharmaceuticals plc Common Stock (Ireland),NASDAQ,Health Care,false,False,14953736345.0,provided,238.05,,10-Q,2026-05-05,2026-07-15,2026-07-15,unknown,,primary|sec_edgar,2026-07-15T01:56:41.354006+00:00
JBHT,J.B. Hunt Transport Services Inc. Common Stock,NASDAQ,Industrials,false,False,26485817147.0,provided,280.87,,10-Q,2026-04-24,2026-07-15,2026-07-15,unknown,,primary|sec_edgar,2026-07-15T01:56:41.354006+00:00
JD,JD.com Inc. American Depositary Shares,NASDAQ,Consumer Discretionary,false,False,39390269911.0,provided,28.84,,,,2026-07-15,2026-07-15,unknown,,primary|sec_edgar,2026-07-15T01:56:41.354006+00:00
JKHY,Jack Henry & Associates Inc. Common Stock,NASDAQ,Technology,false,False,10328651889.0,provided,145.37,,10-Q,2026-05-07,2026-07-15,2026-07-15,unknown,,primary|sec_edgar,2026-07-15T01:56:41.354006+00:00
KDP,Keurig Dr Pepper Inc. Common Stock,NASDAQ,Consumer Staples,false,True,41170529592.0,provided,30.26,,10-Q,2026-04-23,2026-07-15,2026-07-15,unknown,,primary|sec_edgar,2026-07-15T01:56:41.354006+00:00
KHC,The Kraft Heinz Company Common Stock,NASDAQ,Consumer Staples,false,True,29739303161.0,provided,25.08,,10-Q,2026-05-06,2026-07-15,2026-07-15,unknown,,primary|sec_edgar,2026-07-15T01:56:41.354006+00:00
KLAC,KLA Corporation Common Stock,NASDAQ,Technology,false,True,300926620128.0,provided,230.37,,10-Q,2026-04-30,2026-07-15,2026-07-15,unknown,,primary|sec_edgar,2026-07-15T01:56:41.354006+00:00
KLIC,Kulicke and Soffa Industries Inc. Common Stock,NASDAQ,Technology,false,False,5761326429.0,provided,110.09,,10-Q,2026-05-07,2026-07-15,2026-07-15,unknown,,primary|sec_edgar,2026-07-15T01:56:41.354006+00:00
KMB,Kimberly-Clark Corporation Common Stock,NASDAQ,Consumer Discretionary,false,False,35457868935.0,provided,106.82,,10-Q,2026-04-28,2026-07-15,2026-07-15,unknown,,primary|sec_edgar,2026-07-15T01:56:41.354006+00:00
KRYS,Krystal Biotech Inc. Common Stock,NASDAQ,Health Care,false,False,10006313579.0,provided,339.43,,10-Q,2026-05-04,2026-07-15,2026-07-15,unknown,,primary|sec_edgar,2026-07-15T01:56:41.354006+00:00
KSPI,Joint Stock Company Kaspi.kz American Depository Shares,NASDAQ,,unknown,False,16886651743.0,provided,89.19,,,,2026-07-15,2026-07-15,unknown,,primary|sec_edgar,2026-07-15T01:56:41.354006+00:00
KTOS,Kratos Defense & Security Solutions Inc. Common Stock,NASDAQ,Industrials,false,False,9443506394.0,provided,50.36,,10-Q,2026-05-06,2026-07-15,2026-07-15,unknown,,primary|sec_edgar,2026-07-15T01:56:41.354006+00:00
KYMR,Kymera Therapeutics Inc. Common Stock,NASDAQ,Health Care,false,False,9219430463.0,provided,112.08,,10-Q,2026-04-30,2026-07-15,2026-07-15,unknown,,primary|sec_edgar,2026-07-15T01:56:41.354006+00:00
LAMR,Lamar Advertising Company Class A Common Stock,NASDAQ,Real Estate,false,False,15954930130.0,provided,157.23,,10-Q,2026-05-07,2026-07-15,2026-07-15,unknown,,primary|sec_edgar,2026-07-15T01:56:41.354006+00:00
LAUR,Laureate Education Inc. Common Stock,NASDAQ,Real Estate,false,False,5575335251.0,provided,39.83,,10-Q,2026-04-30,2026-07-15,2026-07-15,unknown,,primary|sec_edgar,2026-07-15T01:56:41.354006+00:00
LECO,Lincoln Electric Holdings Inc. Common Shares,NASDAQ,Industrials,false,False,13838128244.0,provided,252.58,,10-Q,2026-04-30,2026-07-15,2026-07-15,unknown,,primary|sec_edgar,2026-07-15T01:56:41.354006+00:00
LFUS,Littelfuse Inc. Common Stock,NASDAQ,Energy,false,False,10528023624.0,provided,416.31,,10-Q,2026-05-06,2026-07-15,2026-07-15,unknown,,primary|sec_edgar,2026-07-15T01:56:41.354006+00:00
LGN,Legence Corp. Class A Common stock,NASDAQ,Consumer Discretionary,false,False,7541047654.0,provided,69.8,,10-Q,2026-05-14,2026-07-15,2026-07-15,unknown,,primary|sec_edgar,2026-07-15T01:56:41.354006+00:00
LGND,Ligand Pharmaceuticals Incorporated Common Stock,NASDAQ,Health Care,false,False,6031758129.0,provided,300.97,,10-Q,2026-05-08,2026-07-15,2026-07-15,unknown,,primary|sec_edgar,2026-07-15T01:56:41.354006+00:00
LI,Li Auto Inc. American Depositary Shares,NASDAQ,Industrials,false,False,13321146122.0,provided,12.47,,,,2026-07-15,2026-07-15,unknown,,primary|sec_edgar,2026-07-15T01:56:41.354006+00:00
LIN,Linde plc Ordinary Shares,NASDAQ,Basic Materials,false,True,241726763109.0,provided,522.54,,10-Q,2026-05-01,2026-07-15,2026-07-15,unknown,,primary|sec_edgar,2026-07-15T01:56:41.354006+00:00
LINE,Lineage Inc. Common Stock,NASDAQ,Real Estate,false,False,10017672060.0,provided,44.0,,10-Q,2026-05-06,2026-07-15,2026-07-15,unknown,,primary|sec_edgar,2026-07-15T01:56:41.354006+00:00
LITE,Lumentum Holdings Inc. Common Stock,NASDAQ,Telecommunications,false,True,63391440000.0,provided,814.8,,10-Q,2026-05-06,2026-07-15,2026-07-15,unknown,,primary|sec_edgar,2026-07-15T01:56:41.354006+00:00
LKQ,LKQ Corporation Common Stock,NASDAQ,Consumer Discretionary,false,False,6334100158.0,provided,24.86,,10-Q,2026-04-30,2026-07-15,2026-07-15,unknown,,primary|sec_edgar,2026-07-15T01:56:41.354006+00:00
LLYVA,Liberty Live Holdings Inc. Series A Liberty Live Group Common Stock,NASDAQ,Consumer Discretionary,false,False,9223444007.0,provided,100.25,,10-Q,2026-05-07,2026-07-15,2026-07-15,unknown,,primary|sec_edgar,2026-07-15T01:56:41.354006+00:00
LLYVK,Liberty Live Holdings Inc. Series C Liberty Live Group Common Stock,NASDAQ,Consumer Discretionary,false,False,9580421192.0,provided,104.13,,10-Q,2026-05-07,2026-07-15,2026-07-15,unknown,,primary|sec_edgar,2026-07-15T01:56:41.354006+00:00
LNT,Alliant Energy Corporation Common Stock,NASDAQ,Utilities,false,False,19709120693.0,provided,76.31,,10-Q,2026-05-01,2026-07-15,2026-07-15,unknown,,primary|sec_edgar,2026-07-15T01:56:41.354006+00:00
LNTH,Lantheus Holdings Inc. Common Stock,NASDAQ,Health Care,false,False,6664909614.0,provided,102.37,,10-Q,2026-05-07,2026-07-15,2026-07-15,unknown,,primary|sec_edgar,2026-07-15T01:56:41.354006+00:00
LOGI,Logitech International S.A. Ordinary Shares,NASDAQ,Technology,false,False,14438244495.0,provided,100.59,,10-K,2026-05-21,2026-07-15,2026-07-15,unknown,,primary|sec_edgar,2026-07-15T01:56:41.354006+00:00
LPLA,LPL Financial Holdings Inc. Common Stock,NASDAQ,Finance,true,False,25702492382.0,provided,321.35,,10-Q,2026-05-04,2026-07-15,2026-07-15,unknown,,primary|sec_edgar,2026-07-15T01:56:41.354006+00:00
LQDA,Liquidia Corporation Common Stock,NASDAQ,Health Care,false,False,6802110293.0,provided,76.49,,10-Q,2026-05-11,2026-07-15,2026-07-15,unknown,,primary|sec_edgar,2026-07-15T01:56:41.354006+00:00
LRCX,Lam Research Corporation Common Stock,NASDAQ,Technology,false,True,432822623100.0,provided,346.1,,10-Q,2026-04-23,2026-07-15,2026-07-15,unknown,,primary|sec_edgar,2026-07-15T01:56:41.354006+00:00
LSCC,Lattice Semiconductor Corporation Common Stock,NASDAQ,Technology,false,False,18346722131.0,provided,133.91,,10-Q,2026-05-04,2026-07-15,2026-07-15,unknown,,primary|sec_edgar,2026-07-15T01:56:41.354006+00:00
LSTR,Landstar System Inc. Common Stock,NASDAQ,Industrials,false,False,7172762876.0,provided,211.41,,10-Q,2026-04-29,2026-07-15,2026-07-15,unknown,,primary|sec_edgar,2026-07-15T01:56:41.354006+00:00
LULU,lululemon athletica inc. Common Stock,NASDAQ,Consumer Discretionary,false,False,12721941115.0,provided,117.32,,10-Q,2026-06-04,2026-07-15,2026-07-15,unknown,,primary|sec_edgar,2026-07-15T01:56:41.354006+00:00
LYFT,Lyft Inc. Class A Common Stock,NASDAQ,Consumer Discretionary,false,False,5926844325.0,provided,15.61,,10-Q,2026-05-08,2026-07-15,2026-07-15,unknown,,primary|sec_edgar,2026-07-15T01:56:41.354006+00:00
MAAS,Maase Inc. Class A Ordinary Shares,NASDAQ,Finance,true,False,6239097406.0,provided,14.11,,,,2026-07-15,2026-07-15,unknown,,primary|sec_edgar,2026-07-15T01:56:41.354006+00:00
MANH,Manhattan Associates Inc. Common Stock,NASDAQ,Technology,false,False,9383505877.0,provided,158.6,,10-Q,2026-04-24,2026-07-15,2026-07-15,unknown,,primary|sec_edgar,2026-07-15T01:56:41.354006+00:00
MAR,Marriott International Class A Common Stock,NASDAQ,Consumer Discretionary,false,True,95769070987.0,provided,363.19,,10-Q,2026-05-06,2026-07-15,2026-07-15,unknown,,primary|sec_edgar,2026-07-15T01:56:41.354006+00:00
MBLY,Mobileye Global Inc. Class A Common Stock,NASDAQ,Technology,false,False,8497658163.0,provided,10.09,,10-Q,2026-04-23,2026-07-15,2026-07-15,unknown,,primary|sec_edgar,2026-07-15T01:56:41.354006+00:00
MCHP,Microchip Technology Incorporated Common Stock,NASDAQ,Technology,false,True,47301459111.0,provided,87.11,,10-K,2026-05-21,2026-07-15,2026-07-15,unknown,,primary|sec_edgar,2026-07-15T01:56:41.354006+00:00
MCHPP,Microchip Technology Incorporated Depositary Shares Each Representing a 1/20th Interest in a Share of 7.50% Series A Mandatory Convertible Preferred Stock,NASDAQ,Technology,false,False,39959985948.0,provided,73.59,,10-K,2026-05-21,2026-07-15,2026-07-15,unknown,,primary|sec_edgar,2026-07-15T01:56:41.354006+00:00
MDB,MongoDB Inc. Class A Common Stock,NASDAQ,Technology,false,False,27722472279.0,provided,344.67,,10-Q,2026-05-29,2026-07-15,2026-07-15,unknown,,primary|sec_edgar,2026-07-15T01:56:41.354006+00:00
MDGL,Madrigal Pharmaceuticals Inc. Common Stock,NASDAQ,Health Care,false,False,12377661091.0,provided,536.86,,10-Q,2026-05-06,2026-07-15,2026-07-15,unknown,,primary|sec_edgar,2026-07-15T01:56:41.354006+00:00
MDLN,Medline Inc. Class A Common Stock,NASDAQ,Health Care,false,False,50787184420.0,provided,38.66,,10-Q,2026-05-06,2026-07-15,2026-07-15,unknown,,primary|sec_edgar,2026-07-15T01:56:41.354006+00:00
MDLZ,Mondelez International Inc. Class A Common Stock,NASDAQ,Consumer Staples,false,True,75478606241.0,provided,58.8,,10-Q,2026-04-28,2026-07-15,2026-07-15,unknown,,primary|sec_edgar,2026-07-15T01:56:41.354006+00:00
MEDP,Medpace Holdings Inc. Common Stock,NASDAQ,Health Care,false,False,15312848451.0,provided,536.17,,10-Q,2026-04-23,2026-07-15,2026-07-15,unknown,,primary|sec_edgar,2026-07-15T01:56:41.354006+00:00
MELI,MercadoLibre Inc. Common Stock,NASDAQ,Consumer Discretionary,false,True,95000435406.0,provided,1873.88,,10-Q,2026-05-08,2026-07-15,2026-07-15,unknown,,primary|sec_edgar,2026-07-15T01:56:41.354006+00:00
META,Meta Platforms Inc. Class A Common Stock,NASDAQ,Technology,false,True,1677999340876.0,provided,661.04,,10-Q,2026-04-30,2026-07-15,2026-07-15,unknown,,primary|sec_edgar,2026-07-15T01:56:41.354006+00:00
MIDD,Middleby Corporation (The) Common Stock,NASDAQ,Industrials,false,False,6085419017.0,provided,134.59,,10-Q,2026-05-14,2026-07-15,2026-07-15,unknown,,primary|sec_edgar,2026-07-15T01:56:41.354006+00:00
MIRM,Mirum Pharmaceuticals Inc. Common Stock,NASDAQ,Health Care,false,False,7372020532.0,provided,120.89,,10-Q,2026-05-06,2026-07-15,2026-07-15,unknown,,primary|sec_edgar,2026-07-15T01:56:41.354006+00:00
MKSI,MKS Inc. Common Stock,NASDAQ,Industrials,false,False,24209842157.0,provided,358.43,,10-Q,2026-05-07,2026-07-15,2026-07-15,unknown,,primary|sec_edgar,2026-07-15T01:56:41.354006+00:00
MMYT,MakeMyTrip Limited Ordinary Shares,NASDAQ,Consumer Discretionary,false,False,6202880082.0,provided,55.75,,,,2026-07-15,2026-07-15,unknown,,primary|sec_edgar,2026-07-15T01:56:41.354006+00:00
MNST,Monster Beverage Corporation,NASDAQ,Consumer Staples,false,True,95849684821.0,provided,98.005,,10-Q,2026-05-08,2026-07-15,2026-07-15,unknown,,primary|sec_edgar,2026-07-15T01:56:41.354006+00:00
MORN,Morningstar Inc. Common Stock,NASDAQ,Finance,true,False,6483016509.0,provided,170.48,,10-Q,2026-04-29,2026-07-15,2026-07-15,unknown,,primary|sec_edgar,2026-07-15T01:56:41.354006+00:00
MPWR,Monolithic Power Systems Inc. Common Stock,NASDAQ,Technology,false,True,67623023300.0,provided,1376.41,,10-Q,2026-05-04,2026-07-15,2026-07-15,unknown,,primary|sec_edgar,2026-07-15T01:56:41.354006+00:00
MRCY,Mercury Systems Inc Common Stock,NASDAQ,Technology,false,False,6023542151.0,provided,100.32,,10-Q,2026-05-05,2026-07-15,2026-07-15,unknown,,primary|sec_edgar,2026-07-15T01:56:41.354006+00:00
MRNA,Moderna Inc. Common Stock,NASDAQ,Health Care,false,False,26759265307.0,provided,67.44,,10-Q,2026-05-01,2026-07-15,2026-07-15,unknown,,primary|sec_edgar,2026-07-15T01:56:41.354006+00:00
MRVL,Marvell Technology Inc. Common Stock,NASDAQ,Technology,false,True,194805483132.0,provided,222.44,,10-Q,2026-05-28,2026-07-15,2026-07-15,unknown,,primary|sec_edgar,2026-07-15T01:56:41.354006+00:00
MSFT,Microsoft Corporation Common Stock,NASDAQ,Technology,false,True,2859427370611.0,provided,384.93,,10-Q,2026-04-29,2026-07-15,2026-07-15,unknown,,primary|sec_edgar,2026-07-15T01:56:41.354006+00:00
MSTR,Strategy Inc Common Stock Class A,NASDAQ,Technology,false,True,34196703350.0,provided,97.58,,10-Q,2026-05-06,2026-07-15,2026-07-15,unknown,,primary|sec_edgar,2026-07-15T01:56:41.354006+00:00
MTCH,Match Group Inc. Common Stock,NASDAQ,Technology,false,False,8943438607.0,provided,38.34,,10-Q,2026-05-06,2026-07-15,2026-07-15,unknown,,primary|sec_edgar,2026-07-15T01:56:41.354006+00:00
MTSI,MACOM Technology Solutions Holdings Inc. Common Stock,NASDAQ,Technology,false,False,23023012762.0,provided,301.76,,10-Q,2026-05-07,2026-07-15,2026-07-15,unknown,,primary|sec_edgar,2026-07-15T01:56:41.354006+00:00
MU,Micron Technology Inc. Common Stock,NASDAQ,Technology,false,True,1110328994611.0,provided,983.12,,10-Q,2026-06-25,2026-07-15,2026-07-15,unknown,,primary|sec_edgar,2026-07-15T01:56:41.354006+00:00
MWH,SOLV Energy Inc. Class A Common Stock,NASDAQ,Industrials,false,False,5831015306.0,provided,28.81,,10-Q,2026-05-13,2026-07-15,2026-07-15,unknown,,primary|sec_edgar,2026-07-15T01:56:41.354006+00:00
MXL,MaxLinear Inc. Common Stock,NASDAQ,Technology,false,False,8291060344.0,provided,92.59,,10-Q,2026-04-23,2026-07-15,2026-07-15,unknown,,primary|sec_edgar,2026-07-15T01:56:41.354006+00:00
MYRG,MYR Group Inc. Common Stock,NASDAQ,Industrials,false,False,6524886925.0,provided,419.04,,10-Q,2026-04-29,2026-07-15,2026-07-15,unknown,,primary|sec_edgar,2026-07-15T01:56:41.354006+00:00
NAVN,Navan Inc. Class A Common Stock,NASDAQ,Technology,false,False,6561746560.0,provided,25.8,,10-Q,2026-06-11,2026-07-15,2026-07-15,unknown,,primary|sec_edgar,2026-07-15T01:56:41.354006+00:00
NBIS,Nebius Group N.V. Class A Ordinary Shares,NASDAQ,Technology,false,True,49279100473.0,provided,194.09,,,,2026-07-15,2026-07-15,unknown,,primary|sec_edgar,2026-07-15T01:56:41.354006+00:00
NBIX,Neurocrine Biosciences Inc. Common Stock,NASDAQ,Health Care,false,False,17298619075.0,provided,172.04,,10-Q,2026-05-05,2026-07-15,2026-07-15,unknown,,primary|sec_edgar,2026-07-15T01:56:41.354006+00:00
NDAQ,Nasdaq Inc. Common Stock,NASDAQ,Finance,true,False,49773245632.0,provided,88.01,,10-Q,2026-04-24,2026-07-15,2026-07-15,unknown,,primary|sec_edgar,2026-07-15T01:56:41.354006+00:00
NDSN,Nordson Corporation Common Stock,NASDAQ,Industrials,false,False,15981579025.0,provided,286.83,,10-Q,2026-05-21,2026-07-15,2026-07-15,unknown,,primary|sec_edgar,2026-07-15T01:56:41.354006+00:00
NFLX,Netflix Inc. Common Stock,NASDAQ,Consumer Discretionary,false,True,309620015764.0,provided,73.53,,10-Q,2026-04-17,2026-07-15,2026-07-15,unknown,,primary|sec_edgar,2026-07-15T01:56:41.354006+00:00
NICE,NICE Ltd American Depositary Shares,NASDAQ,Technology,false,False,6075798162.0,provided,102.28,,,,2026-07-15,2026-07-15,unknown,,primary|sec_edgar,2026-07-15T01:56:41.354006+00:00
NOVT,Novanta Inc. Common Stock,NASDAQ,Miscellaneous,false,False,5535808179.0,provided,146.62,,10-Q,2026-05-11,2026-07-15,2026-07-15,unknown,,primary|sec_edgar,2026-07-15T01:56:41.354006+00:00
NTAP,NetApp Inc. Common Stock,NASDAQ,Technology,false,False,34197823258.0,provided,174.55,,10-K,2026-06-05,2026-07-15,2026-07-15,unknown,,primary|sec_edgar,2026-07-15T01:56:41.354006+00:00
NTES,NetEase Inc. American Depositary Shares,NASDAQ,Technology,false,False,81929267401.0,provided,128.39,,,,2026-07-15,2026-07-15,unknown,,primary|sec_edgar,2026-07-15T01:56:41.354006+00:00
NTNX,Nutanix Inc. Class A Common Stock,NASDAQ,Technology,false,False,14994678634.0,provided,55.47,,10-Q,2026-05-29,2026-07-15,2026-07-15,unknown,,primary|sec_edgar,2026-07-15T01:56:41.354006+00:00
NTRA,Natera Inc. Common Stock,NASDAQ,Health Care,false,False,39049106056.0,provided,272.66,,10-Q,2026-05-08,2026-07-15,2026-07-15,unknown,,primary|sec_edgar,2026-07-15T01:56:41.354006+00:00
NTRS,Northern Trust Corporation Common Stock,NASDAQ,Finance,true,False,34537220233.0,provided,186.64,,10-Q,2026-04-30,2026-07-15,2026-07-15,unknown,,primary|sec_edgar,2026-07-15T01:56:41.354006+00:00
NTSK,Netskope Inc. Class A Common Stock,NASDAQ,Technology,false,False,5763990471.0,provided,14.27,,10-Q,2026-06-03,2026-07-15,2026-07-15,unknown,,primary|sec_edgar,2026-07-15T01:56:41.354006+00:00
NUVL,Nuvalent Inc. Class A Common Stock,NASDAQ,Health Care,false,False,9792581543.0,provided,123.96,,10-Q,2026-05-07,2026-07-15,2026-07-15,unknown,,primary|sec_edgar,2026-07-15T01:56:41.354006+00:00
NVDA,NVIDIA Corporation Common Stock,NASDAQ,Technology,false,True,5125560000000.0,provided,211.8,,10-Q,2026-05-20,2026-07-15,2026-07-15,unknown,,primary|sec_edgar,2026-07-15T01:56:41.354006+00:00
NVMI,Nova Ltd. Ordinary Shares,NASDAQ,Technology,false,False,15050508561.0,provided,473.54,,,,2026-07-15,2026-07-15,unknown,,primary|sec_edgar,2026-07-15T01:56:41.354006+00:00
NWS,News Corporation Class B Common Stock,NASDAQ,Consumer Discretionary,false,False,17052966574.0,provided,31.15,,10-Q,2026-05-08,2026-07-15,2026-07-15,unknown,,primary|sec_edgar,2026-07-15T01:56:41.354006+00:00
NWSA,News Corporation Class A Common Stock,NASDAQ,Consumer Discretionary,false,False,15109530576.0,provided,27.6,,10-Q,2026-05-08,2026-07-15,2026-07-15,unknown,,primary|sec_edgar,2026-07-15T01:56:41.354006+00:00
NXPI,NXP Semiconductors N.V. Common Stock,NASDAQ,Technology,false,True,71668965196.0,provided,283.87,,10-Q,2026-04-28,2026-07-15,2026-07-15,unknown,,primary|sec_edgar,2026-07-15T01:56:41.354006+00:00
NXST,Nexstar Media Group Inc. Common Stock,NASDAQ,Industrials,false,False,5361420695.0,provided,175.56,,10-Q,2026-05-08,2026-07-15,2026-07-15,unknown,,primary|sec_edgar,2026-07-15T01:56:41.354006+00:00
NXT,Nextpower Inc. Class A Common Stock,NASDAQ,Industrials,false,False,15872030715.0,provided,104.66,,10-K,2026-05-19,2026-07-15,2026-07-15,unknown,,primary|sec_edgar,2026-07-15T01:56:41.354006+00:00
ODFL,Old Dominion Freight Line Inc. Common Stock,NASDAQ,Industrials,false,True,47543629177.0,provided,228.61,,10-Q,2026-05-06,2026-07-15,2026-07-15,unknown,,primary|sec_edgar,2026-07-15T01:56:41.354006+00:00
OKTA,Okta Inc. Class A Common Stock,NASDAQ,Technology,false,False,26874094776.0,provided,154.62,,10-Q,2026-05-29,2026-07-15,2026-07-15,unknown,,primary|sec_edgar,2026-07-15T01:56:41.354006+00:00
ON,ON Semiconductor Corporation Common Stock,NASDAQ,Technology,false,False,36733086092.0,provided,93.73,,10-Q,2026-05-04,2026-07-15,2026-07-15,unknown,,primary|sec_edgar,2026-07-15T01:56:41.354006+00:00
ONB,Old National Bancorp Common Stock,NASDAQ,Finance,true,False,10165473630.0,provided,26.31,,10-Q,2026-04-29,2026-07-15,2026-07-15,unknown,,primary|sec_edgar,2026-07-15T01:56:41.354006+00:00
ONBPO,Old National Bancorp Depositary Shares Each Representing a 1/40th Interest in a Share of Series C Preferred Stock,NASDAQ,Finance,true,False,9659325000.0,provided,25.0,,10-Q,2026-04-29,2026-07-15,2026-07-15,unknown,,primary|sec_edgar,2026-07-15T01:56:41.354006+00:00
ONBPP,Old National Bancorp Depositary Shares Each Representing a 1/40th Interest in a Share of Series A Preferred Stock,NASDAQ,Finance,true,False,9674779920.0,provided,25.04,,10-Q,2026-04-29,2026-07-15,2026-07-15,unknown,,primary|sec_edgar,2026-07-15T01:56:41.354006+00:00
ONC,BeOne Medicines Ltd. American Depositary Shares,NASDAQ,Health Care,false,False,34081509411.0,provided,306.56,,10-Q,2026-05-06,2026-07-15,2026-07-15,unknown,,primary|sec_edgar,2026-07-15T01:56:41.354006+00:00
ORLY,O'Reilly Automotive Inc. Common Stock,NASDAQ,Consumer Discretionary,false,True,71062318024.0,provided,85.75,,10-Q,2026-05-08,2026-07-15,2026-07-15,unknown,,primary|sec_edgar,2026-07-15T01:56:41.354006+00:00
OTEX,Open Text Corporation Common Shares,NASDAQ,Technology,false,False,5631044399.0,provided,22.47,,10-Q,2026-05-07,2026-07-15,2026-07-15,unknown,,primary|sec_edgar,2026-07-15T01:56:41.354006+00:00
OZK,Bank OZK Common Stock,NASDAQ,Finance,true,False,5745052783.0,provided,50.78,,,,2026-07-15,2026-07-15,unknown,,primary|sec_edgar,2026-07-15T01:56:41.354006+00:00
PAA,Plains All American Pipeline L.P. Common Units representing Limited Partner Interests,NASDAQ,Energy,false,False,16664658352.0,provided,23.62,,10-Q,2026-05-08,2026-07-15,2026-07-15,unknown,,primary|sec_edgar,2026-07-15T01:56:41.354006+00:00
PANW,Palo Alto Networks Inc. Common Stock,NASDAQ,Technology,false,True,287605350000.0,provided,352.89,,10-Q,2026-06-03,2026-07-15,2026-07-15,unknown,,primary|sec_edgar,2026-07-15T01:56:41.354006+00:00
PAYP,PayPay Corporation American Depository Shares,NASDAQ,Consumer Discretionary,false,False,10157147025.0,provided,15.0,,,,2026-07-15,2026-07-15,unknown,,primary|sec_edgar,2026-07-15T01:56:41.354006+00:00
PAYX,Paychex Inc. Common Stock,NASDAQ,Industrials,false,True,39240017287.0,provided,109.52,,10-Q,2026-03-26,2026-07-15,2026-07-15,unknown,,primary|sec_edgar,2026-07-15T01:56:41.354006+00:00
PCAR,PACCAR Inc. Common Stock,NASDAQ,Consumer Discretionary,false,True,65227915222.0,provided,123.94,,10-Q,2026-04-29,2026-07-15,2026-07-15,unknown,,primary|sec_edgar,2026-07-15T01:56:41.354006+00:00
PCTY,Paylocity Holding Corporation Common Stock,NASDAQ,Technology,false,False,6592879862.0,provided,123.13,,10-Q,2026-05-08,2026-07-15,2026-07-15,unknown,,primary|sec_edgar,2026-07-15T01:56:41.354006+00:00
PCVX,Vaxcyte Inc. Common Stock,NASDAQ,Health Care,false,False,8116593705.0,provided,56.21,,10-Q,2026-05-06,2026-07-15,2026-07-15,unknown,,primary|sec_edgar,2026-07-15T01:56:41.354006+00:00
PDD,PDD Holdings Inc. American Depositary Shares,NASDAQ,Technology,false,True,119437197126.0,provided,83.91,,,,2026-07-15,2026-07-15,unknown,,primary|sec_edgar,2026-07-15T01:56:41.354006+00:00
PEP,PepsiCo Inc. Common Stock,NASDAQ,Consumer Staples,false,True,184874561531.0,provided,135.45,,10-Q,2026-07-09,2026-07-15,2026-07-15,unknown,,primary|sec_edgar,2026-07-15T01:56:41.354006+00:00
PFG,Principal Financial Group Inc Common Stock,NASDAQ,Finance,true,False,24392118401.0,provided,112.92,,10-Q,2026-04-29,2026-07-15,2026-07-15,unknown,,primary|sec_edgar,2026-07-15T01:56:41.354006+00:00
PLTR,Palantir Technologies Inc. Class A Common Stock,NASDAQ,Technology,false,True,320568557564.0,provided,133.72,,10-Q,2026-05-05,2026-07-15,2026-07-15,unknown,,primary|sec_edgar,2026-07-15T01:56:41.354006+00:00
PLXS,Plexus Corp. Common Stock,NASDAQ,Technology,false,False,6966301772.0,provided,260.36,,10-Q,2026-05-07,2026-07-15,2026-07-15,unknown,,primary|sec_edgar,2026-07-15T01:56:41.354006+00:00
PODD,Insulet Corporation Common Stock,NASDAQ,Health Care,false,False,11021394927.0,provided,159.12,,10-Q,2026-05-06,2026-07-15,2026-07-15,unknown,,primary|sec_edgar,2026-07-15T01:56:41.354006+00:00
POOL,Pool Corporation Common Stock,NASDAQ,Consumer Discretionary,false,False,7655581640.0,provided,210.07,,10-Q,2026-04-28,2026-07-15,2026-07-15,unknown,,primary|sec_edgar,2026-07-15T01:56:41.354006+00:00
POWL,Powell Industries Inc. Common Stock,NASDAQ,Energy,false,False,8534113778.0,provided,234.25,,10-Q,2026-05-05,2026-07-15,2026-07-15,unknown,,primary|sec_edgar,2026-07-15T01:56:41.354006+00:00
PPC,Pilgrim's Pride Corporation Common Stock,NASDAQ,Consumer Staples,false,False,6714157175.0,provided,28.22,,10-Q,2026-04-30,2026-07-15,2026-07-15,unknown,,primary|sec_edgar,2026-07-15T01:56:41.354006+00:00
PRAX,Praxis Precision Medicines Inc. Common Stock,NASDAQ,Health Care,false,False,9135316664.0,provided,327.68,,10-Q,2026-05-07,2026-07-15,2026-07-15,unknown,,primary|sec_edgar,2026-07-15T01:56:41.354006+00:00
PSKY,Paramount Skydance Corporation Class B Common Stock,NASDAQ,Industrials,false,False,10206858289.0,provided,9.12,,10-Q,2026-05-04,2026-07-15,2026-07-15,unknown,,primary|sec_edgar,2026-07-15T01:56:41.354006+00:00
PSMT,PriceSmart Inc. Common Stock,NASDAQ,Consumer Discretionary,false,False,6004223549.0,provided,194.56,,10-Q,2026-07-08,2026-07-15,2026-07-15,unknown,,primary|sec_edgar,2026-07-15T01:56:41.354006+00:00
PTC,PTC Inc. Common Stock,NASDAQ,Technology,false,False,14150614455.0,provided,122.51,,10-Q,2026-05-07,2026-07-15,2026-07-15,unknown,,primary|sec_edgar,2026-07-15T01:56:41.354006+00:00
PTCT,PTC Therapeutics Inc. Common Stock,NASDAQ,Health Care,false,False,6475025324.0,provided,78.06,,10-Q,2026-05-07,2026-07-15,2026-07-15,unknown,,primary|sec_edgar,2026-07-15T01:56:41.354006+00:00
PTGX,Protagonist Therapeutics Inc. Common Stock,NASDAQ,Health Care,false,False,8442153934.0,provided,131.27,,10-Q,2026-05-05,2026-07-15,2026-07-15,unknown,,primary|sec_edgar,2026-07-15T01:56:41.354006+00:00
PYPL,PayPal Holdings Inc. Common Stock,NASDAQ,Industrials,false,True,41785337203.0,provided,47.37,,10-Q,2026-05-05,2026-07-15,2026-07-15,unknown,,primary|sec_edgar,2026-07-15T01:56:41.354006+00:00
QCOM,QUALCOMM Incorporated Common Stock,NASDAQ,Technology,false,True,187717400000.0,provided,178.1,,10-Q,2026-04-29,2026-07-15,2026-07-15,unknown,,primary|sec_edgar,2026-07-15T01:56:41.354006+00:00
QLYS,Qualys Inc. Common Stock,NASDAQ,Technology,false,False,5791786430.0,provided,164.12,,10-Q,2026-05-05,2026-07-15,2026-07-15,unknown,,primary|sec_edgar,2026-07-15T01:56:41.354006+00:00
QNT,Quantinuum Inc. Class A Common Stock,NASDAQ,Technology,false,False,17388480206.0,provided,66.63,,,,2026-07-15,2026-07-15,unknown,,primary|sec_edgar,2026-07-15T01:56:41.354006+00:00
QRVO,Qorvo Inc. Common Stock,NASDAQ,Technology,false,False,7278679635.0,provided,82.51,,10-K,2026-05-08,2026-07-15,2026-07-15,unknown,,primary|sec_edgar,2026-07-15T01:56:41.354006+00:00
REG,Regency Centers Corporation Common Stock,NASDAQ,Real Estate,false,False,14708165141.0,provided,80.33,,10-Q,2026-05-04,2026-07-15,2026-07-15,unknown,,primary|sec_edgar,2026-07-15T01:56:41.354006+00:00
REGN,Regeneron Pharmaceuticals Inc. Common Stock,NASDAQ,Health Care,false,True,68786985676.0,provided,656.12,,10-Q,2026-04-29,2026-07-15,2026-07-15,unknown,,primary|sec_edgar,2026-07-15T01:56:41.354006+00:00
REYN,Reynolds Consumer Products Inc. Common Stock,NASDAQ,Consumer Discretionary,false,False,5522105277.0,provided,26.2,,10-Q,2026-05-06,2026-07-15,2026-07-15,unknown,,primary|sec_edgar,2026-07-15T01:56:41.354006+00:00
RGEN,Repligen Corporation Common Stock,NASDAQ,Health Care,false,False,8299270786.0,provided,147.13,,10-Q,2026-05-06,2026-07-15,2026-07-15,unknown,,primary|sec_edgar,2026-07-15T01:56:41.354006+00:00
RGLD,Royal Gold Inc. Common Stock,NASDAQ,Industrials,false,False,16422536153.0,provided,193.51,,10-Q,2026-05-07,2026-07-15,2026-07-15,unknown,,primary|sec_edgar,2026-07-15T01:56:41.354006+00:00
RIOT,Riot Platforms Inc. Common Stock,NASDAQ,Finance,true,False,7628068839.0,provided,20.19,,10-Q,2026-04-30,2026-07-15,2026-07-15,unknown,,primary|sec_edgar,2026-07-15T01:56:41.354006+00:00
RIVN,Rivian Automotive Inc. Class A Common Stock,NASDAQ,Industrials,false,False,23566686395.0,provided,17.5,,10-Q,2026-04-30,2026-07-15,2026-07-15,unknown,,primary|sec_edgar,2026-07-15T01:56:41.354006+00:00
RKLB,Rocket Lab Corporation Common Stock,NASDAQ,Industrials,false,True,45620545705.0,provided,78.81,,10-Q,2026-05-07,2026-07-15,2026-07-15,unknown,,primary|sec_edgar,2026-07-15T01:56:41.354006+00:00
RMBS,Rambus Inc. Common Stock,NASDAQ,Technology,false,False,11395473582.0,provided,105.38,,10-Q,2026-04-28,2026-07-15,2026-07-15,unknown,,primary|sec_edgar,2026-07-15T01:56:41.354006+00:00
ROAD,Construction Partners Inc. Class A Common Stock,NASDAQ,Industrials,false,False,5503657134.0,provided,97.35,,10-Q,2026-05-08,2026-07-15,2026-07-15,unknown,,primary|sec_edgar,2026-07-15T01:56:41.354006+00:00
ROIV,Roivant Sciences Ltd. Common Shares,NASDAQ,Health Care,false,False,25109729140.0,provided,34.91,,10-K,2026-05-20,2026-07-15,2026-07-15,unknown,,primary|sec_edgar,2026-07-15T01:56:41.354006+00:00
ROKU,Roku Inc. Class A Common Stock,NASDAQ,Telecommunications,false,False,20921449010.0,provided,141.76,,10-Q,2026-05-01,2026-07-15,2026-07-15,unknown,,primary|sec_edgar,2026-07-15T01:56:41.354006+00:00
ROP,Roper Technologies Inc. Common Stock,NASDAQ,Technology,false,True,34983002497.0,provided,346.65,,10-Q,2026-05-01,2026-07-15,2026-07-15,unknown,,primary|sec_edgar,2026-07-15T01:56:41.354006+00:00
ROST,Ross Stores Inc. Common Stock,NASDAQ,Consumer Discretionary,false,True,70870163121.0,provided,220.93,,10-Q,2026-06-02,2026-07-15,2026-07-15,unknown,,primary|sec_edgar,2026-07-15T01:56:41.354006+00:00
RPRX,Royalty Pharma plc Class A Ordinary Shares,NASDAQ,Health Care,false,False,32056578797.0,provided,55.67,,10-Q,2026-05-06,2026-07-15,2026-07-15,unknown,,primary|sec_edgar,2026-07-15T01:56:41.354006+00:00
RRR,Red Rock Resorts Inc. Class A Common Stock,NASDAQ,Consumer Discretionary,false,False,6678492032.0,provided,64.0,,10-Q,2026-05-07,2026-07-15,2026-07-15,unknown,,primary|sec_edgar,2026-07-15T01:56:41.354006+00:00
RUSHA,Rush Enterprises Inc. Common Stock Cl A,NASDAQ,Consumer Discretionary,false,False,5895254395.0,provided,75.86,,10-Q,2026-05-08,2026-07-15,2026-07-15,unknown,,primary|sec_edgar,2026-07-15T01:56:41.354006+00:00
RUSHB,Rush Enterprises Inc. Class B,NASDAQ,Consumer Discretionary,false,False,5843187160.0,provided,75.19,,10-Q,2026-05-08,2026-07-15,2026-07-15,unknown,,primary|sec_edgar,2026-07-15T01:56:41.354006+00:00
RVMD,Revolution Medicines Inc. Common Stock,NASDAQ,Health Care,false,False,39323967576.0,provided,184.97,,10-Q,2026-05-06,2026-07-15,2026-07-15,unknown,,primary|sec_edgar,2026-07-15T01:56:41.354006+00:00
RYAAY,Ryanair Holdings plc American Depositary Shares,NASDAQ,Consumer Discretionary,false,False,33831570295.0,provided,64.29,,,,2026-07-15,2026-07-15,unknown,,primary|sec_edgar,2026-07-15T01:56:41.354006+00:00
RYTM,Rhythm Pharmaceuticals Inc. Common Stock,NASDAQ,Health Care,false,False,7535845466.0,provided,109.96,,10-Q,2026-05-05,2026-07-15,2026-07-15,unknown,,primary|sec_edgar,2026-07-15T01:56:41.354006+00:00
SAIA,Saia Inc. Common Stock,NASDAQ,Industrials,false,False,11541434434.0,provided,432.73,,10-Q,2026-04-30,2026-07-15,2026-07-15,unknown,,primary|sec_edgar,2026-07-15T01:56:41.354006+00:00
SAIL,SailPoint Inc. Common Stock,NASDAQ,Technology,false,False,8621181554.0,provided,15.2,,10-Q,2026-06-10,2026-07-15,2026-07-15,unknown,,primary|sec_edgar,2026-07-15T01:56:41.354006+00:00
SANM,Sanmina Corporation Common Stock,NASDAQ,Technology,false,False,11126353809.0,provided,207.59,,10-Q,2026-04-27,2026-07-15,2026-07-15,unknown,,primary|sec_edgar,2026-07-15T01:56:41.354006+00:00
SATA,Strive Inc. Variable Rate Series A Perpetual Preferred Stock,NASDAQ,Technology,false,False,8790926732.0,provided,97.9225,,10-Q,2026-05-14,2026-07-15,2026-07-15,unknown,,primary|sec_edgar,2026-07-15T01:56:41.354006+00:00
SBAC,SBA Communications Corporation Class A Common Stock,NASDAQ,Real Estate,false,False,19860299933.0,provided,187.25,,10-Q,2026-05-05,2026-07-15,2026-07-15,unknown,,primary|sec_edgar,2026-07-15T01:56:41.354006+00:00
SBUX,Starbucks Corporation Common Stock,NASDAQ,Consumer Discretionary,false,True,121001949000.0,provided,106.17,,10-Q,2026-04-28,2026-07-15,2026-07-15,unknown,,primary|sec_edgar,2026-07-15T01:56:41.354006+00:00
SEIC,SEI Investments Company Common Stock,NASDAQ,Finance,true,False,11412702693.0,provided,94.89,,10-Q,2026-04-27,2026-07-15,2026-07-15,unknown,,primary|sec_edgar,2026-07-15T01:56:41.354006+00:00
SEZL,Sezzle Inc. Common Stock,NASDAQ,Finance,true,False,6133231995.0,provided,182.39,,10-Q,2026-05-07,2026-07-15,2026-07-15,unknown,,primary|sec_edgar,2026-07-15T01:56:41.354006+00:00
SFD,Smithfield Foods Inc. Common Stock,NASDAQ,Consumer Staples,false,False,9714953623.0,provided,24.69,,10-Q,2026-04-28,2026-07-15,2026-07-15,unknown,,primary|sec_edgar,2026-07-15T01:56:41.354006+00:00
SFM,Sprouts Farmers Market Inc. Common Stock,NASDAQ,Consumer Staples,false,False,7086238080.0,provided,75.35,,10-Q,2026-04-29,2026-07-15,2026-07-15,unknown,,primary|sec_edgar,2026-07-15T01:56:41.354006+00:00
SHOP,Shopify Inc. Class A Subordinate Voting Shares,NASDAQ,Technology,false,True,162857529622.0,provided,125.68,,10-Q,2026-05-05,2026-07-15,2026-07-15,unknown,,primary|sec_edgar,2026-07-15T01:56:41.354006+00:00
SIGI,Selective Insurance Group Inc. Common Stock,NASDAQ,Finance,true,False,5767829557.0,provided,96.34,,10-Q,2026-04-24,2026-07-15,2026-07-15,unknown,,primary|sec_edgar,2026-07-15T01:56:41.354006+00:00
SIMO,Silicon Motion Technology Corporation American Depositary Shares,NASDAQ,Technology,false,False,10457515392.0,provided,308.41,,,,2026-07-15,2026-07-15,unknown,,primary|sec_edgar,2026-07-15T01:56:41.354006+00:00
SIRI,SiriusXM Holdings Inc. Common Stock,NASDAQ,Consumer Discretionary,false,False,10229879855.0,provided,30.39,,10-Q,2026-04-30,2026-07-15,2026-07-15,unknown,,primary|sec_edgar,2026-07-15T01:56:41.354006+00:00
SITM,SiTime Corporation Common Stock,NASDAQ,Technology,false,False,18687151418.0,provided,623.83,,10-Q,2026-05-07,2026-07-15,2026-07-15,unknown,,primary|sec_edgar,2026-07-15T01:56:41.354006+00:00
SKHY,SK hynix Inc. American Depositary Shares,NASDAQ,Technology,false,False,34498368000.0,provided,193.92,,,,2026-07-15,2026-07-15,unknown,,primary|sec_edgar,2026-07-15T01:56:41.354006+00:00
SLAB,Silicon Laboratories Inc. Common Stock,NASDAQ,Technology,false,False,7190037414.0,provided,218.0,,10-Q,2026-05-05,2026-07-15,2026-07-15,unknown,,primary|sec_edgar,2026-07-15T01:56:41.354006+00:00
SLMBP,SLM Corporation Floating Rate Non-Cumulative Preferred Stock Series B,NASDAQ,Finance,true,False,14084124867.0,provided,74.68,,10-Q,2026-04-23,2026-07-15,2026-07-15,unknown,,primary|sec_edgar,2026-07-15T01:56:41.354006+00:00
SMCI,Super Micro Computer Inc. Common Stock,NASDAQ,Technology,false,False,16629221027.0,provided,27.65,,10-Q,2026-05-11,2026-07-15,2026-07-15,unknown,,primary|sec_edgar,2026-07-15T01:56:41.354006+00:00
SMCIP,Super Micro Computer Inc. Depositary Shares representing a 1/20th Interest in a Share of 7% Series A Mandatory Convertible Preferred Stock,NASDAQ,Technology,false,False,29409363770.0,provided,48.9,,10-Q,2026-05-11,2026-07-15,2026-07-15,unknown,,primary|sec_edgar,2026-07-15T01:56:41.354006+00:00
SMMT,Summit Therapeutics Inc. Common Stock,NASDAQ,Health Care,false,False,12007236118.0,provided,15.47,,10-Q,2026-04-30,2026-07-15,2026-07-15,unknown,,primary|sec_edgar,2026-07-15T01:56:41.354006+00:00
SMTC,Semtech Corporation Common Stock,NASDAQ,Technology,false,False,13167849108.0,provided,141.36,,10-Q,2026-05-27,2026-07-15,2026-07-15,unknown,,primary|sec_edgar,2026-07-15T01:56:41.354006+00:00
SNDK,Sandisk Corporation Common Stock,NASDAQ,Technology,false,True,260315138408.0,provided,1757.82,,10-Q,2026-05-01,2026-07-15,2026-07-15,unknown,,primary|sec_edgar,2026-07-15T01:56:41.354006+00:00
SNEX,StoneX Group Inc. Common Stock,NASDAQ,Finance,true,False,8974439407.0,provided,113.24,,10-Q,2026-05-06,2026-07-15,2026-07-15,unknown,,primary|sec_edgar,2026-07-15T01:56:41.354006+00:00
SNPS,Synopsys Inc. Common Stock,NASDAQ,Technology,false,True,81551044518.0,provided,425.9,,10-Q,2026-05-27,2026-07-15,2026-07-15,unknown,,primary|sec_edgar,2026-07-15T01:56:41.354006+00:00
SNY,Sanofi ADS,NASDAQ,Health Care,false,False,105309724011.0,provided,43.18,,,,2026-07-15,2026-07-15,unknown,,primary|sec_edgar,2026-07-15T01:56:41.354006+00:00
SOFI,SoFi Technologies Inc. Common Stock,NASDAQ,Finance,true,False,23794849260.0,provided,18.55,,10-Q,2026-05-07,2026-07-15,2026-07-15,unknown,,primary|sec_edgar,2026-07-15T01:56:41.354006+00:00
SOLS,Solstice Advanced Materials Inc. Common Stock,NASDAQ,Industrials,false,False,10061838737.0,provided,63.36,,10-Q,2026-05-06,2026-07-15,2026-07-15,unknown,,primary|sec_edgar,2026-07-15T01:56:41.354006+00:00
SPCX,Space Exploration Technologies Corp. Class A Common Stock,NASDAQ,Technology,false,True,1781403407557.0,provided,136.08,,,,2026-07-15,2026-07-15,unknown,,primary|sec_edgar,2026-07-15T01:56:41.354006+00:00
SRRK,Scholar Rock Holding Corporation Common Stock,NASDAQ,Health Care,false,False,6444368018.0,provided,53.78,,10-Q,2026-05-07,2026-07-15,2026-07-15,unknown,,primary|sec_edgar,2026-07-15T01:56:41.354006+00:00
SSNC,SS&C Technologies Holdings Inc. Common Stock,NASDAQ,Technology,false,False,16085305465.0,provided,66.79,,10-Q,2026-04-30,2026-07-15,2026-07-15,unknown,,primary|sec_edgar,2026-07-15T01:56:41.354006+00:00
SSRM,SSR Mining Inc. Common Stock,NASDAQ,Industrials,false,False,6021207925.0,provided,27.81,,10-Q,2026-05-05,2026-07-15,2026-07-15,unknown,,primary|sec_edgar,2026-07-15T01:56:41.354006+00:00
STLD,Steel Dynamics Inc.,NASDAQ,Industrials,false,False,33652052446.0,provided,233.35,,10-Q,2026-04-27,2026-07-15,2026-07-15,unknown,,primary|sec_edgar,2026-07-15T01:56:41.354006+00:00
STRC,Strategy Inc Variable Rate Series A Perpetual Stretch Preferred Stock,NASDAQ,Technology,false,False,30913006789.0,provided,88.21,,10-Q,2026-05-06,2026-07-15,2026-07-15,unknown,,primary|sec_edgar,2026-07-15T01:56:41.354006+00:00
STRD,Strategy Inc 10.00% Series A Perpetual Stride Preferred Stock,NASDAQ,Technology,false,False,21188078341.0,provided,60.46,,10-Q,2026-05-06,2026-07-15,2026-07-15,unknown,,primary|sec_edgar,2026-07-15T01:56:41.354006+00:00
STRF,Strategy Inc 10.00% Series A Perpetual Strife Preferred Stock,NASDAQ,Technology,false,False,33313574712.0,provided,95.06,,10-Q,2026-05-06,2026-07-15,2026-07-15,unknown,,primary|sec_edgar,2026-07-15T01:56:41.354006+00:00
STRK,Strategy Inc 8.00% Series A Perpetual Strike Preferred Stock,NASDAQ,Technology,false,False,21373815713.0,provided,60.99,,10-Q,2026-05-06,2026-07-15,2026-07-15,unknown,,primary|sec_edgar,2026-07-15T01:56:41.354006+00:00
STRL,Sterling Infrastructure Inc. Common Stock,NASDAQ,Industrials,false,False,20854788057.0,provided,679.62,,10-Q,2026-05-05,2026-07-15,2026-07-15,unknown,,primary|sec_edgar,2026-07-15T01:56:41.354006+00:00
STX,Seagate Technology Holdings PLC Ordinary Shares (Ireland),NASDAQ,Technology,false,True,196942565964.0,provided,878.31,,10-Q,2026-04-29,2026-07-15,2026-07-15,unknown,,primary|sec_edgar,2026-07-15T01:56:41.354006+00:00
SWKS,Skyworks Solutions Inc. Common Stock,NASDAQ,Technology,false,False,8509969387.0,provided,56.58,,10-Q,2026-05-05,2026-07-15,2026-07-15,unknown,,primary|sec_edgar,2026-07-15T01:56:41.354006+00:00
SYM,Symbotic Inc. Class A Common Stock,NASDAQ,Industrials,false,False,26314179543.0,provided,43.66,,10-Q,2026-05-06,2026-07-15,2026-07-15,unknown,,primary|sec_edgar,2026-07-15T01:56:41.354006+00:00
SYRE,Spyre Therapeutics Inc. Common Stock,NASDAQ,Health Care,false,False,8701314399.0,provided,98.95,,10-Q,2026-05-05,2026-07-15,2026-07-15,unknown,,primary|sec_edgar,2026-07-15T01:56:41.354006+00:00
TCOM,Trip.com Group Limited American Depositary Shares,NASDAQ,Consumer Discretionary,false,False,26705798465.0,provided,42.41,,,,2026-07-15,2026-07-15,unknown,,primary|sec_edgar,2026-07-15T01:56:41.354006+00:00
TEAM,Atlassian Corporation Class A Common Stock,NASDAQ,Technology,false,False,22605641147.0,provided,89.08,,10-Q,2026-05-01,2026-07-15,2026-07-15,unknown,,primary|sec_edgar,2026-07-15T01:56:41.354006+00:00
TECH,Bio-Techne Corp Common Stock,NASDAQ,Health Care,false,False,11152392134.0,provided,71.23,,10-Q,2026-05-06,2026-07-15,2026-07-15,unknown,,primary|sec_edgar,2026-07-15T01:56:41.354006+00:00
TEM,Tempus AI Inc. Class A Common Stock,NASDAQ,Technology,false,False,10535064880.0,provided,58.67,,10-Q,2026-05-05,2026-07-15,2026-07-15,unknown,,primary|sec_edgar,2026-07-15T01:56:41.354006+00:00
TER,Teradyne Inc. Common Stock,NASDAQ,Industrials,false,True,55295387883.0,provided,353.23,,10-Q,2026-05-01,2026-07-15,2026-07-15,unknown,,primary|sec_edgar,2026-07-15T01:56:41.354006+00:00
TGTX,TG Therapeutics Inc. Common Stock,NASDAQ,Health Care,false,False,8402757706.0,provided,54.89,,10-Q,2026-05-06,2026-07-15,2026-07-15,unknown,,primary|sec_edgar,2026-07-15T01:56:41.354006+00:00
TIGO,Millicom International Cellular S.A. Common Stock,NASDAQ,Telecommunications,false,False,16445807775.0,provided,98.16,,,,2026-07-15,2026-07-15,unknown,,primary|sec_edgar,2026-07-15T01:56:41.354006+00:00
TLN,Talen Energy Corporation Common Stock,NASDAQ,Utilities,false,False,19011783699.0,provided,396.95,,10-Q,2026-05-05,2026-07-15,2026-07-15,unknown,,primary|sec_edgar,2026-07-15T01:56:41.354006+00:00
TMUS,T-Mobile US Inc. Common Stock,NASDAQ,Telecommunications,false,True,202512968692.0,provided,187.13,,10-Q,2026-04-28,2026-07-15,2026-07-15,unknown,,primary|sec_edgar,2026-07-15T01:56:41.354006+00:00
TPG,TPG Inc. Class A Common Stock,NASDAQ,Finance,true,False,16583077644.0,provided,43.15,,10-Q,2026-05-01,2026-07-15,2026-07-15,unknown,,primary|sec_edgar,2026-07-15T01:56:41.354006+00:00
TPGXL,TPG Operating Group II L.P. 6.950% Fixed-Rate Junior Subordinated Notes due 2064,NASDAQ,,unknown,False,8423827145.0,provided,23.09,,10-Q,2026-05-01,2026-07-15,2026-07-15,unknown,,primary|sec_edgar,2026-07-15T01:56:41.354006+00:00
TRI,Thomson Reuters Corporation Common Shares,NASDAQ,Consumer Discretionary,false,True,40017488992.0,provided,91.74,,,,2026-07-15,2026-07-15,unknown,,primary|sec_edgar,2026-07-15T01:56:41.354006+00:00
TRMB,Trimble Inc. Common Stock,NASDAQ,Industrials,false,False,12023892150.0,provided,51.58,,10-Q,2026-05-06,2026-07-15,2026-07-15,unknown,,primary|sec_edgar,2026-07-15T01:56:41.354006+00:00
TROW,T. Rowe Price Group Inc. Common Stock,NASDAQ,Finance,true,False,24869924958.0,provided,116.07,,10-Q,2026-04-30,2026-07-15,2026-07-15,unknown,,primary|sec_edgar,2026-07-15T01:56:41.354006+00:00
TSCO,Tractor Supply Company Common Stock,NASDAQ,Consumer Discretionary,false,False,16021935769.0,provided,30.55,,10-Q,2026-05-07,2026-07-15,2026-07-15,unknown,,primary|sec_edgar,2026-07-15T01:56:41.354006+00:00
TSEM,Tower Semiconductor Ltd. Ordinary Shares,NASDAQ,Technology,false,False,28825644943.0,provided,255.49,,,,2026-07-15,2026-07-15,unknown,,primary|sec_edgar,2026-07-15T01:56:41.354006+00:00
TSLA,Tesla Inc. Common Stock,NASDAQ,Industrials,false,True,1487942683213.0,provided,396.18,,10-Q,2026-04-23,2026-07-15,2026-07-15,unknown,,primary|sec_edgar,2026-07-15T01:56:41.354006+00:00
TTAN,ServiceTitan Inc. Class A Common Stock,NASDAQ,Technology,false,False,7640392102.0,provided,80.09,,10-Q,2026-06-05,2026-07-15,2026-07-15,unknown,,primary|sec_edgar,2026-07-15T01:56:41.354006+00:00
TTD,The Trade Desk Inc. Class A Common Stock,NASDAQ,Technology,false,False,8903852357.0,provided,18.94,,10-Q,2026-05-07,2026-07-15,2026-07-15,unknown,,primary|sec_edgar,2026-07-15T01:56:41.354006+00:00
TTEK,Tetra Tech Inc. Common Stock,NASDAQ,Consumer Discretionary,false,False,8073813386.0,provided,31.11,,10-Q,2026-05-01,2026-07-15,2026-07-15,unknown,,primary|sec_edgar,2026-07-15T01:56:41.354006+00:00
TTMI,TTM Technologies Inc. Common Stock,NASDAQ,Technology,false,False,14743592876.0,provided,141.97,,10-Q,2026-05-01,2026-07-15,2026-07-15,unknown,,primary|sec_edgar,2026-07-15T01:56:41.354006+00:00
TTWO,Take-Two Interactive Software Inc. Common Stock,NASDAQ,Consumer Discretionary,false,True,44010425798.0,provided,237.04,,10-K,2026-05-22,2026-07-15,2026-07-15,unknown,,primary|sec_edgar,2026-07-15T01:56:41.354006+00:00
TW,Tradeweb Markets Inc. Class A Common Stock,NASDAQ,Finance,true,False,23326451655.0,provided,98.83,,10-Q,2026-04-29,2026-07-15,2026-07-15,unknown,,primary|sec_edgar,2026-07-15T01:56:41.354006+00:00
TWST,Twist Bioscience Corporation Common Stock,NASDAQ,Health Care,false,False,5761964684.0,provided,92.53,,10-Q,2026-05-04,2026-07-15,2026-07-15,unknown,,primary|sec_edgar,2026-07-15T01:56:41.354006+00:00
TXG,10x Genomics Inc. Class A Common Stock,NASDAQ,Industrials,false,False,5813323894.0,provided,45.79,,10-Q,2026-05-08,2026-07-15,2026-07-15,unknown,,primary|sec_edgar,2026-07-15T01:56:41.354006+00:00
TXN,Texas Instruments Incorporated Common Stock,NASDAQ,Technology,false,True,278078852290.0,provided,305.55,,10-Q,2026-04-24,2026-07-15,2026-07-15,unknown,,primary|sec_edgar,2026-07-15T01:56:41.354006+00:00
TXRH,Texas Roadhouse Inc. Common Stock,NASDAQ,Consumer Discretionary,false,False,12428812900.0,provided,189.09,,10-Q,2026-05-08,2026-07-15,2026-07-15,unknown,,primary|sec_edgar,2026-07-15T01:56:41.354006+00:00
UAL,United Airlines Holdings Inc. Common Stock,NASDAQ,Consumer Discretionary,false,False,39062087115.0,provided,120.35,,10-Q,2026-04-22,2026-07-15,2026-07-15,unknown,,primary|sec_edgar,2026-07-15T01:56:41.354006+00:00
UBSI,United Bankshares Inc. Common Stock,NASDAQ,Finance,true,False,6364916872.0,provided,46.19,,10-Q,2026-05-08,2026-07-15,2026-07-15,unknown,,primary|sec_edgar,2026-07-15T01:56:41.354006+00:00
ULTA,Ulta Beauty Inc. Common Stock,NASDAQ,Consumer Discretionary,false,False,20167145576.0,provided,469.12,,10-Q,2026-06-02,2026-07-15,2026-07-15,unknown,,primary|sec_edgar,2026-07-15T01:56:41.354006+00:00
UMBF,UMB Financial Corporation Common Stock,NASDAQ,Finance,true,False,10835326257.0,provided,142.61,,10-Q,2026-04-30,2026-07-15,2026-07-15,unknown,,primary|sec_edgar,2026-07-15T01:56:41.354006+00:00
URBN,Urban Outfitters Inc. Common Stock,NASDAQ,Consumer Discretionary,false,False,6010726476.0,provided,70.19,,10-Q,2026-06-09,2026-07-15,2026-07-15,unknown,,primary|sec_edgar,2026-07-15T01:56:41.354006+00:00
UTHR,United Therapeutics Corporation Common Stock,NASDAQ,Health Care,false,False,22354996402.0,provided,526.66,,10-Q,2026-05-06,2026-07-15,2026-07-15,unknown,,primary|sec_edgar,2026-07-15T01:56:41.354006+00:00
VCTR,Victory Capital Holdings Inc. Class A Common Stock,NASDAQ,Finance,true,False,6109289056.0,provided,97.7,,10-Q,2026-05-07,2026-07-15,2026-07-15,unknown,,primary|sec_edgar,2026-07-15T01:56:41.354006+00:00
VFS,VinFast Auto Ltd. Ordinary Shares,NASDAQ,Industrials,false,False,7299352351.0,provided,3.12,,,,2026-07-15,2026-07-15,unknown,,primary|sec_edgar,2026-07-15T01:56:41.354006+00:00
VIAV,Viavi Solutions Inc. Common Stock,NASDAQ,Technology,false,False,9789044360.0,provided,41.85,,10-Q,2026-04-30,2026-07-15,2026-07-15,unknown,,primary|sec_edgar,2026-07-15T01:56:41.354006+00:00
VICR,Vicor Corporation Common Stock,NASDAQ,Technology,false,False,12056282152.0,provided,264.5,,10-Q,2026-04-30,2026-07-15,2026-07-15,unknown,,primary|sec_edgar,2026-07-15T01:56:41.354006+00:00
VLY,Valley National Bancorp Common Stock,NASDAQ,Finance,true,False,8079236949.0,provided,14.58,,10-Q,2026-05-07,2026-07-15,2026-07-15,unknown,,primary|sec_edgar,2026-07-15T01:56:41.354006+00:00
VLYPN,Valley National Bancorp 8.250% Fixed-Rate Reset Non-Cumulative Perpetual Preferred Stock Series C,NASDAQ,Finance,true,False,14146976633.0,provided,25.53,,10-Q,2026-05-07,2026-07-15,2026-07-15,unknown,,primary|sec_edgar,2026-07-15T01:56:41.354006+00:00
VLYPO,Valley National Bancorp 5.50% Fixed-to-Floating Rate Non-Cumulative Perpetual Preferred Stock Series B,NASDAQ,Finance,true,False,13803415117.0,provided,24.91,,10-Q,2026-05-07,2026-07-15,2026-07-15,unknown,,primary|sec_edgar,2026-07-15T01:56:41.354006+00:00
VLYPP,Valley National Bancorp 6.25% Fixed-to-Floating Rate Non-Cumulative Perpetual Preferred Stock Series A,NASDAQ,Finance,true,False,13858828265.0,provided,25.01,,10-Q,2026-05-07,2026-07-15,2026-07-15,unknown,,primary|sec_edgar,2026-07-15T01:56:41.354006+00:00
VNOM,Viper Energy Inc. Class A Common Stock,NASDAQ,Energy,false,False,15322366128.0,provided,43.0,,10-Q,2026-05-06,2026-07-15,2026-07-15,unknown,,primary|sec_edgar,2026-07-15T01:56:41.354006+00:00
VOD,Vodafone Group Plc American Depositary Shares,NASDAQ,Telecommunications,false,False,36969017039.0,provided,15.56,,,,2026-07-15,2026-07-15,unknown,,primary|sec_edgar,2026-07-15T01:56:41.354006+00:00
VRNS,Varonis Systems Inc. Common Stock,NASDAQ,Technology,false,False,5532893889.0,provided,48.19,,10-Q,2026-04-29,2026-07-15,2026-07-15,unknown,,primary|sec_edgar,2026-07-15T01:56:41.354006+00:00
VRSK,Verisk Analytics Inc. Common Stock,NASDAQ,Industrials,false,False,24964901394.0,provided,190.54,,10-Q,2026-04-29,2026-07-15,2026-07-15,unknown,,primary|sec_edgar,2026-07-15T01:56:41.354006+00:00
VRSN,VeriSign Inc. Common Stock,NASDAQ,Technology,false,False,24465350000.0,provided,268.85,,10-Q,2026-04-23,2026-07-15,2026-07-15,unknown,,primary|sec_edgar,2026-07-15T01:56:41.354006+00:00
VRTX,Vertex Pharmaceuticals Incorporated Common Stock,NASDAQ,Health Care,false,True,120890058171.0,provided,476.31,,10-Q,2026-05-05,2026-07-15,2026-07-15,unknown,,primary|sec_edgar,2026-07-15T01:56:41.354006+00:00
VSAT,ViaSat Inc. Common Stock,NASDAQ,Technology,false,False,9537975678.0,provided,69.84,,10-K,2026-05-29,2026-07-15,2026-07-15,unknown,,primary|sec_edgar,2026-07-15T01:56:41.354006+00:00
VSEC,VSE Corporation Common Stock,NASDAQ,Consumer Discretionary,false,False,5852721907.0,provided,208.6,,10-Q,2026-05-08,2026-07-15,2026-07-15,unknown,,primary|sec_edgar,2026-07-15T01:56:41.354006+00:00
VTRS,Viatris Inc. Common Stock,NASDAQ,Health Care,false,False,18993853787.0,provided,16.31,,10-Q,2026-05-07,2026-07-15,2026-07-15,unknown,,primary|sec_edgar,2026-07-15T01:56:41.354006+00:00
WBD,Warner Bros. Discovery Inc. Series A Common Stock,NASDAQ,Consumer Discretionary,false,True,68896116571.0,provided,27.48,,10-Q,2026-05-06,2026-07-15,2026-07-15,unknown,,primary|sec_edgar,2026-07-15T01:56:41.354006+00:00
WDAY,Workday Inc. Class A Common Stock,NASDAQ,Technology,false,True,34533070000.0,provided,139.81,,10-Q,2026-05-22,2026-07-15,2026-07-15,unknown,,primary|sec_edgar,2026-07-15T01:56:41.354006+00:00
WDC,Western Digital Corporation Common Stock,NASDAQ,Technology,false,True,194166338035.0,provided,563.32,,10-Q,2026-05-01,2026-07-15,2026-07-15,unknown,,primary|sec_edgar,2026-07-15T01:56:41.354006+00:00
WFRD,Weatherford International plc Ordinary Shares,NASDAQ,Consumer Discretionary,false,False,5898596477.0,provided,82.01,,10-Q,2026-04-22,2026-07-15,2026-07-15,unknown,,primary|sec_edgar,2026-07-15T01:56:41.354006+00:00
WMG,Warner Music Group Corp. Class A Common Stock,NASDAQ,Consumer Discretionary,false,False,14386156262.0,provided,27.58,,10-Q,2026-05-07,2026-07-15,2026-07-15,unknown,,primary|sec_edgar,2026-07-15T01:56:41.354006+00:00
WMT,Walmart Inc. Common Stock,NASDAQ,Consumer Discretionary,false,True,904833599924.0,provided,113.7,,10-Q,2026-05-29,2026-07-15,2026-07-15,unknown,,primary|sec_edgar,2026-07-15T01:56:41.354006+00:00
WSE,Wise Group plc Class A Ordinary Shares,NASDAQ,Industrials,false,False,15430266553.0,provided,12.55,,,,2026-07-15,2026-07-15,unknown,,primary|sec_edgar,2026-07-15T01:56:41.354006+00:00
WTFC,Wintrust Financial Corporation Common Stock,NASDAQ,Finance,true,False,10950817664.0,provided,162.36,,10-Q,2026-05-06,2026-07-15,2026-07-15,unknown,,primary|sec_edgar,2026-07-15T01:56:41.354006+00:00
WTW,Willis Towers Watson Public Limited Company Ordinary Shares,NASDAQ,Finance,true,False,27270908590.0,provided,288.74,,10-Q,2026-04-30,2026-07-15,2026-07-15,unknown,,primary|sec_edgar,2026-07-15T01:56:41.354006+00:00
WULF,TeraWulf Inc. Common Stock,NASDAQ,Technology,false,False,9618288639.0,provided,19.41,,10-Q,2026-05-08,2026-07-15,2026-07-15,unknown,,primary|sec_edgar,2026-07-15T01:56:41.354006+00:00
WWD,Woodward Inc. Common Stock,NASDAQ,Energy,false,False,23707424563.0,provided,397.89,,10-Q,2026-04-30,2026-07-15,2026-07-15,unknown,,primary|sec_edgar,2026-07-15T01:56:41.354006+00:00
WYNN,Wynn Resorts Limited Common stock,NASDAQ,Consumer Discretionary,false,False,9953147311.0,provided,95.9,,10-Q,2026-05-07,2026-07-15,2026-07-15,unknown,,primary|sec_edgar,2026-07-15T01:56:41.354006+00:00
XE,X-Energy Inc. Class A Common Stock,NASDAQ,Industrials,false,False,6229592436.0,provided,15.33,,10-Q,2026-06-04,2026-07-15,2026-07-15,unknown,,primary|sec_edgar,2026-07-15T01:56:41.354006+00:00
XEL,Xcel Energy Inc. Common Stock,NASDAQ,Utilities,false,True,50047690625.0,provided,80.17,,10-Q,2026-04-30,2026-07-15,2026-07-15,unknown,,primary|sec_edgar,2026-07-15T01:56:41.354006+00:00
XENE,Xenon Pharmaceuticals Inc. Common Shares,NASDAQ,Health Care,false,False,6505591515.0,provided,67.3,,10-Q,2026-05-07,2026-07-15,2026-07-15,unknown,,primary|sec_edgar,2026-07-15T01:56:41.354006+00:00
XP,XP Inc. Class A Common Stock,NASDAQ,Finance,true,False,8743922411.0,provided,16.87,,,,2026-07-15,2026-07-15,unknown,,primary|sec_edgar,2026-07-15T01:56:41.354006+00:00
Z,Zillow Group Inc. Class C Capital Stock,NASDAQ,Consumer Discretionary,false,False,7289625667.0,provided,31.86,,10-Q,2026-05-06,2026-07-15,2026-07-15,unknown,,primary|sec_edgar,2026-07-15T01:56:41.354006+00:00
ZBRA,Zebra Technologies Corporation Class A Common Stock,NASDAQ,Industrials,false,False,12389921593.0,provided,260.11,,10-Q,2026-05-12,2026-07-15,2026-07-15,unknown,,primary|sec_edgar,2026-07-15T01:56:41.354006+00:00
ZG,Zillow Group Inc. Class A Common Stock,NASDAQ,Consumer Discretionary,false,False,7275897558.0,provided,31.8,,10-Q,2026-05-06,2026-07-15,2026-07-15,unknown,,primary|sec_edgar,2026-07-15T01:56:41.354006+00:00
ZION,Zions Bancorporation N.A. Common Stock,NASDAQ,Finance,true,False,10358205753.0,provided,70.42,,10-Q,2026-05-07,2026-07-15,2026-07-15,unknown,,primary|sec_edgar,2026-07-15T01:56:41.354006+00:00
ZM,Zoom Communications Inc. Class A Common Stock,NASDAQ,Technology,false,False,26728116671.0,provided,91.15,,10-Q,2026-05-22,2026-07-15,2026-07-15,unknown,,primary|sec_edgar,2026-07-15T01:56:41.354006+00:00
ZS,Zscaler Inc. Common Stock,NASDAQ,Technology,false,False,24594401657.0,provided,152.09,,10-Q,2026-05-26,2026-07-15,2026-07-15,unknown,,primary|sec_edgar,2026-07-15T01:56:41.354006+00:00
